month/day,Anger,Disgust,Fear,Joy,Sadness,Surprise
2017-05-07,0.125,0.022727272727272728,0.20454545454545456,0.19318181818181818,0.10227272727272728,0.3522727272727273
2017-05-08,0.07255244755244755,0.044580419580419584,0.21853146853146854,0.229020979020979,0.08916083916083917,0.34615384615384615
2017-05-09,0.08242424242424243,0.05818181818181818,0.19515151515151516,0.24484848484848484,0.08848484848484849,0.33090909090909093
2017-05-10,0.06622516556291391,0.07682119205298013,0.20132450331125828,0.24039735099337747,0.08940397350993377,0.3258278145695364
2017-05-11,0.062023939064200215,0.07725788900979326,0.16213275299238303,0.26332970620239393,0.08487486398258977,0.35038084874863984
2017-05-12,0.08628571428571429,0.038285714285714284,0.22114285714285714,0.25771428571428573,0.07028571428571428,0.3262857142857143
2017-05-13,0.0765661252900232,0.06496519721577726,0.2088167053364269,0.2552204176334107,0.06960556844547564,0.3248259860788863
2017-05-14,0.03678929765886288,0.05016722408026756,0.14715719063545152,0.3076923076923077,0.07357859531772576,0.38461538461538464
2017-05-15,0.08808290155440414,0.04922279792746114,0.18393782383419688,0.27979274611398963,0.06476683937823834,0.33419689119170987
2017-05-16,0.04209858261053522,0.029405542627459275,0.25132219166490377,0.2415908610112122,0.05965728792045695,0.3759255341654326
2017-05-17,0.03621103117505995,0.03741007194244604,0.22422062350119903,0.23309352517985613,0.06402877697841726,0.4050359712230216
2017-05-18,0.04079729572211213,0.03858258538291176,0.32428021913975985,0.19128103508567432,0.07122042196060147,0.3338384427089404
2017-05-19,0.026643426294820718,0.02440239043824701,0.3125,0.27739043824701193,0.052290836653386456,0.30677290836653387
2017-05-20,0.02380269572698595,0.025810151993117293,0.14797820476053913,0.4155434470891884,0.06395182104961285,0.3229136793805564
2017-05-21,0.04122657580919932,0.04565587734241908,0.1747870528109029,0.29948892674616695,0.11175468483816013,0.3270868824531516
2017-05-22,0.029632556301856974,0.05847491110233109,0.17028842354800475,0.3255630185697353,0.07902015013828527,0.33702094033978663
2017-05-23,0.03834554071520896,0.06764325721671693,0.2089616544592848,0.23308918569582077,0.07582938388625593,0.37613097802671264
2017-05-24,0.03350515463917526,0.030927835051546393,0.14175257731958762,0.34375,0.06153350515463918,0.38853092783505155
2017-05-25,0.03443287037037037,0.05092592592592592,0.15653935185185186,0.3237847222222222,0.11400462962962964,0.3203125
2017-05-26,0.04349415204678363,0.04751461988304093,0.1915204678362573,0.3267543859649123,0.07383040935672515,0.3168859649122807
2017-05-27,0.052559257986946065,0.042597045688766745,0.2507729302645139,0.2597045688766747,0.06561319134318104,0.32875300583991757
2017-05-28,0.05712342740564434,0.048622917375042506,0.21540292417545054,0.2512750765045903,0.0953757225433526,0.33219993199591974
2017-05-29,0.04104712041884817,0.073717277486911,0.17821989528795812,0.261151832460733,0.10324607329842932,0.3426178010471204
2017-05-30,0.03834000421318728,0.052664840952180325,0.17147672214029913,0.2500526648409522,0.07920792079207921,0.40825784706130186
2017-05-31,0.049813653304245066,0.04535951277156622,0.1732569766384874,0.24743205163166984,0.0876283974184165,0.3965094082356149
2017-06-01,0.06654991243432574,0.04010507880910683,0.18336252189141855,0.18441330998248687,0.05858143607705779,0.4669877408056042
2017-06-02,0.11953974003835499,0.047943746004687836,0.19838056680161945,0.234178563818453,0.07670999360750053,0.3232473897293842
2017-06-03,0.10537142857142857,0.0528,0.2473142857142857,0.19794285714285714,0.08822857142857143,0.30834285714285714
2017-06-04,0.0643581081081081,0.04273648648648649,0.48969594594594595,0.13597972972972974,0.07719594594594595,0.19003378378378377
2017-06-05,0.05102601685599121,0.08437156467570539,0.3083547086844998,0.18175155734701356,0.0990289483327226,0.27546720410406744
2017-06-06,0.0398796087283672,0.043140205668422374,0.3115124153498871,0.19325307248557813,0.07511913719588663,0.3370955605718585
2017-06-07,0.052853598014888335,0.02729528535980149,0.2143920595533499,0.2421836228287841,0.09602977667493796,0.36724565756823824
2017-06-08,0.03530961791831357,0.026350461133069828,0.19710144927536233,0.25270092226613966,0.10408432147562582,0.3844532279314888
2017-06-09,0.031189710610932477,0.04260450160771704,0.2257234726688103,0.27154340836012864,0.06784565916398713,0.3610932475884244
2017-06-10,0.03406558420885068,0.034383954154727794,0.20534861509073543,0.2992677491244827,0.07863737663164597,0.3482967207895575
2017-06-11,0.03636702722864603,0.07720999627004849,0.21801566579634465,0.24673629242819844,0.06210369265199552,0.3595673256247669
2017-06-12,0.03297919433377601,0.051350154935812305,0.1945551128818061,0.3247011952191235,0.11155378486055777,0.2848605577689243
2017-06-13,0.04555350862502094,0.051415173337799366,0.21570926143024619,0.29459052085077875,0.07837883101658014,0.3143527047395746
2017-06-14,0.035282587389741916,0.03626265926167919,0.19242077752368508,0.18311009474028095,0.0537406076445606,0.49918327344005226
2017-06-15,0.04891640866873065,0.04198142414860681,0.23925696594427245,0.21089783281733746,0.06996904024767801,0.38897832817337463
2017-06-16,0.04521004098360656,0.02971311475409836,0.18417008196721313,0.24282786885245902,0.08286372950819672,0.41521516393442626
2017-06-17,0.052761493366244985,0.02437519284171552,0.201172477630361,0.25146559703795124,0.13051527306386917,0.3397099660598581
2017-06-18,0.03973372165591845,0.03806948200540878,0.163095485749948,0.2654462242562929,0.10359891824422716,0.3900561680882047
2017-06-19,0.04059994828032066,0.04422032583397983,0.21153348849237136,0.22213602275665892,0.12490302560124127,0.356607189035428
2017-06-20,0.08380681818181818,0.05113636363636364,0.18039772727272727,0.2599431818181818,0.09943181818181818,0.3252840909090909
2017-06-21,0.08595988538681948,0.05157593123209169,0.1833810888252149,0.23782234957020057,0.10315186246418338,0.33810888252148996
2017-06-23,0.09476309226932668,0.04488778054862843,0.1596009975062344,0.22443890274314215,0.08728179551122195,0.38902743142144636
2017-06-24,0.07861936720997123,0.052732502396931925,0.20613614573346117,0.2521572387344199,0.10162991371045062,0.3087248322147651
2017-06-25,0.11097099621689786,0.05674653215636822,0.18915510718789408,0.24337957124842372,0.10466582597730138,0.29508196721311475
2017-06-26,0.11384111384111384,0.05733005733005733,0.21621621621621623,0.2457002457002457,0.08927108927108927,0.27764127764127766
2017-06-27,0.11212121212121212,0.0696969696969697,0.17777777777777778,0.23232323232323232,0.09292929292929293,0.3151515151515151
2017-06-28,0.12039800995024875,0.08557213930348259,0.16019900497512438,0.21691542288557214,0.10049751243781095,0.3164179104477612
2017-06-29,0.11321873147599289,0.13752222880853587,0.15471250740960285,0.23295791345583877,0.1025489033787789,0.25903971547125076
2017-06-30,0.1185064935064935,0.08847402597402597,0.18506493506493507,0.237012987012987,0.09090909090909091,0.2800324675324675
2017-07-01,0.12001832340815392,0.07695831424644985,0.19651855245075583,0.23179111314704534,0.07146129180027486,0.3032524049473202
2017-07-02,0.10339506172839506,0.11625514403292181,0.17592592592592593,0.23353909465020575,0.07973251028806584,0.2911522633744856
2017-07-03,0.06628242074927954,0.07060518731988473,0.18155619596541786,0.26512968299711814,0.08573487031700289,0.33069164265129686
2017-07-04,0.05263157894736842,0.03866809881847476,0.13748657357679914,0.3651987110633727,0.10311493018259936,0.3029001074113856
2017-07-05,0.0903522205206738,0.039816232771822356,0.18223583460949463,0.2787136294027565,0.0888208269525268,0.32006125574272587
2017-07-06,0.04417670682730924,0.07630522088353414,0.20080321285140562,0.26907630522088355,0.08634538152610442,0.3232931726907631
2017-07-07,0.09567198177676538,0.07630979498861047,0.1674259681093394,0.2619589977220957,0.08086560364464693,0.31776765375854216
2017-07-08,0.053742802303262956,0.0690978886756238,0.1746641074856046,0.2802303262955854,0.08253358925143954,0.3397312859884837
2017-07-09,0.08634686346863468,0.05387453874538745,0.19114391143911438,0.27601476014760146,0.07084870848708487,0.32177121771217715
2017-07-10,0.08650519031141868,0.06314878892733564,0.1695501730103806,0.22664359861591696,0.0986159169550173,0.3555363321799308
2017-07-11,0.07840909090909091,0.04318181818181818,0.16704545454545455,0.23522727272727273,0.11136363636363636,0.36477272727272725
2017-07-12,0.06705202312138728,0.048554913294797684,0.15664739884393064,0.26416184971098267,0.11676300578034682,0.3468208092485549
2017-07-13,0.0825515947467167,0.0525328330206379,0.13883677298311445,0.2682926829268293,0.1125703564727955,0.3452157598499062
2017-07-14,0.05352112676056338,0.054929577464788736,0.1591549295774648,0.2802816901408451,0.09154929577464789,0.36056338028169016
2017-07-15,0.049204052098408106,0.049204052098408106,0.1649782923299566,0.2821997105643994,0.08683068017366136,0.3675832127351664
2017-07-16,0.08536585365853659,0.07240853658536585,0.1448170731707317,0.2461890243902439,0.11128048780487805,0.3399390243902439
2017-07-17,0.10628019323671498,0.04830917874396135,0.16908212560386474,0.2898550724637681,0.10628019323671498,0.28019323671497587
2017-07-18,0.09427374301675978,0.07332402234636871,0.20740223463687152,0.23044692737430167,0.11103351955307263,0.2835195530726257
2017-07-19,0.09273743016759776,0.09162011173184358,0.20893854748603352,0.2022346368715084,0.11173184357541899,0.2927374301675978
2017-07-20,0.06179775280898876,0.06367041198501873,0.24719101123595505,0.21722846441947566,0.09550561797752809,0.3146067415730337
2017-07-21,0.054817275747508304,0.054817275747508304,0.17275747508305647,0.2724252491694352,0.10631229235880399,0.3388704318936877
2017-07-22,0.08627238198589257,0.06673901247965273,0.17580032555615843,0.2311448724905046,0.09007053716766142,0.34997287032013025
2017-07-23,0.07903494176372712,0.07653910149750416,0.22961730449251247,0.22046589018302828,0.12479201331114809,0.26955074875207985
2017-07-24,0.08626560726447219,0.06696935300794551,0.20771850170261066,0.24801362088535756,0.09194097616345062,0.29909194097616343
2017-07-25,0.08846918489065607,0.09343936381709742,0.18588469184890655,0.21421471172962225,0.10834990059642147,0.3096421471172962
2017-07-26,0.12186115214180207,0.10745937961595273,0.20014771048744462,0.24372230428360414,0.07348596750369277,0.2533234859675037
2017-07-27,0.0851602023608769,0.06661045531197302,0.20741989881956155,0.23693086003372682,0.09780775716694773,0.306070826306914
2017-07-28,0.08873897249610795,0.07628437986507525,0.19823559937727037,0.24494032174364297,0.11728074727555786,0.2745199792423456
2017-07-29,0.10338069573738363,0.06320431161195493,0.18863302302792748,0.2513473787359138,0.11073003429691328,0.2827045565899069
2017-07-30,0.106353591160221,0.09668508287292818,0.19613259668508287,0.2292817679558011,0.11187845303867404,0.2596685082872928
2017-07-31,0.07822808671065033,0.04524033930254477,0.16305372290292178,0.25918944392082943,0.10084825636192271,0.353440150801131
2017-08-01,0.07871720116618076,0.03984450923226433,0.16132167152575316,0.25461613216715256,0.09912536443148688,0.3663751214771623
2017-08-02,0.06685236768802229,0.06267409470752089,0.181058495821727,0.2576601671309192,0.07520891364902507,0.3565459610027855
2017-08-03,0.07556270096463022,0.06430868167202572,0.1937299035369775,0.2532154340836013,0.07154340836012862,0.34163987138263663
2017-08-04,0.05721393034825871,0.03855721393034826,0.1480099502487562,0.2798507462686567,0.08208955223880597,0.39427860696517414
2017-08-05,0.07370184254606366,0.02847571189279732,0.1373534338358459,0.2897822445561139,0.08710217755443886,0.38358458961474035
2017-08-06,0.05226480836236934,0.04529616724738676,0.1445993031358885,0.29442508710801396,0.08536585365853659,0.3780487804878049
2017-08-07,0.08176795580110498,0.06353591160220995,0.1850828729281768,0.23701657458563535,0.09447513812154697,0.33812154696132596
2017-08-08,0.09691629955947137,0.04581497797356828,0.23083700440528634,0.21585903083700442,0.10837004405286343,0.3022026431718062
2017-08-09,0.12144955925563174,0.050930460333006855,0.22624877571008814,0.23016650342801176,0.08619000979431929,0.2850146914789422
2017-08-10,0.07934655775962661,0.051341890315052506,0.19136522753792298,0.23570595099183198,0.08401400233372229,0.35822637106184363
2017-08-11,0.1456953642384106,0.04900662251655629,0.23178807947019867,0.23841059602649006,0.045033112582781455,0.2900662251655629
2017-08-12,0.09405339805825243,0.11529126213592233,0.3300970873786408,0.18264563106796117,0.0891990291262136,0.1887135922330097
2017-08-13,0.07058823529411765,0.10735294117647058,0.31323529411764706,0.18235294117647058,0.09852941176470588,0.22794117647058823
2017-08-14,0.09395571514063435,0.09754637941352484,0.22142429682824655,0.2094554159186116,0.09156193895870736,0.28605625374027527
2017-08-15,0.0924775707384403,0.11663216011042098,0.2111801242236025,0.189095928226363,0.1007591442374051,0.2898550724637681
2017-08-16,0.09186471663619744,0.09323583180987204,0.18281535648994515,0.2340036563071298,0.11882998171846434,0.27925045703839124
2017-08-17,0.0929818311364446,0.09120057000356252,0.24403277520484504,0.20057000356252228,0.10473815461346633,0.26647666547915927
2017-08-18,0.08729540140296181,0.06235385814497272,0.2782540919719408,0.24084177708495713,0.07326578332034295,0.2579890880748246
2017-08-19,0.10065645514223195,0.06345733041575492,0.20423048869438365,0.23048869438366157,0.08825674690007294,0.31291028446389496
2017-08-20,0.08695652173913043,0.05217391304347826,0.1927536231884058,0.2492753623188406,0.12753623188405797,0.29130434782608694
2017-08-21,0.10026041666666667,0.057291666666666664,0.18489583333333334,0.25,0.09244791666666667,0.3151041666666667
2017-08-22,0.05460750853242321,0.06825938566552901,0.23378839590443687,0.24061433447098976,0.10409556313993173,0.2986348122866894
2017-08-23,0.08153846153846153,0.07461538461538461,0.24846153846153846,0.24,0.07615384615384616,0.2792307692307692
2017-08-24,0.11367521367521367,0.07008547008547009,0.19401709401709402,0.23931623931623933,0.09658119658119659,0.2863247863247863
2017-08-25,0.08470588235294117,0.07882352941176471,0.19411764705882353,0.24823529411764705,0.08941176470588236,0.30470588235294116
2017-08-26,0.07955801104972375,0.10165745856353592,0.1878453038674033,0.26298342541436465,0.06298342541436464,0.30497237569060776
2017-08-27,0.14165042235217673,0.06237816764132553,0.1806367771280052,0.2677063027940221,0.08771929824561403,0.2599090318388564
2017-08-28,0.10699588477366255,0.053497942386831275,0.2037037037037037,0.24074074074074073,0.08641975308641975,0.30864197530864196
2017-08-29,0.09129511677282377,0.04670912951167728,0.18471337579617833,0.2632696390658174,0.09129511677282377,0.3227176220806794
2017-08-30,0.10617551462621885,0.05742145178764897,0.21018418201516792,0.2524377031419285,0.08775731310942579,0.28602383531960995
2017-08-31,0.07961783439490445,0.06369426751592357,0.21337579617834396,0.25477707006369427,0.09554140127388536,0.2929936305732484
2017-09-01,0.09381237524950099,0.04790419161676647,0.1437125748502994,0.3143712574850299,0.0998003992015968,0.3003992015968064
2017-09-02,0.038461538461538464,0.027472527472527472,0.1391941391941392,0.3717948717948718,0.08241758241758242,0.34065934065934067
2017-09-03,0.10483042137718397,0.047276464542651594,0.21788283658787255,0.263103802672148,0.0750256937307297,0.2918807810894142
2017-09-04,0.09797297297297297,0.05912162162162162,0.17567567567567569,0.2922297297297297,0.09966216216216216,0.27533783783783783
2017-09-05,0.09651474530831099,0.09651474530831099,0.20822162645218945,0.2448614834673816,0.0902591599642538,0.26362823949955316
2017-09-06,0.09453302961275627,0.05694760820045558,0.24145785876993167,0.25626423690205014,0.06264236902050115,0.28815489749430523
2017-09-07,0.07692307692307693,0.0472027972027972,0.2097902097902098,0.27797202797202797,0.10314685314685315,0.28496503496503495
2017-09-08,0.13548387096774195,0.02795698924731183,0.17849462365591398,0.24731182795698925,0.1053763440860215,0.3053763440860215
2017-09-09,0.1291390728476821,0.052980132450331126,0.1490066225165563,0.25165562913907286,0.09933774834437085,0.31788079470198677
2017-09-10,0.07092198581560284,0.03546099290780142,0.1773049645390071,0.2978723404255319,0.1276595744680851,0.2907801418439716
2017-09-11,0.049689440993788817,0.09937888198757763,0.15527950310559005,0.2795031055900621,0.11180124223602485,0.30434782608695654
2017-09-12,0.07066381156316917,0.03640256959314775,0.14132762312633834,0.26552462526766596,0.09421841541755889,0.39186295503211993
2017-09-13,0.08852459016393442,0.05245901639344262,0.18032786885245902,0.25245901639344265,0.12950819672131147,0.2967213114754098
2017-09-14,0.09506531204644413,0.057329462989840346,0.1734397677793904,0.2474600870827286,0.1081277213352685,0.318577648766328
2017-09-15,0.10773899848254932,0.05538694992412747,0.22078907435508346,0.21547799696509864,0.09332321699544764,0.30728376327769347
2017-09-16,0.07804878048780488,0.026829268292682926,0.20243902439024392,0.24634146341463414,0.07804878048780488,0.36829268292682926
2017-09-17,0.08520900321543408,0.05466237942122187,0.18167202572347266,0.2733118971061093,0.0932475884244373,0.31189710610932475
2017-09-18,0.07714285714285714,0.045714285714285714,0.20857142857142857,0.24285714285714285,0.08571428571428572,0.34
2017-09-19,0.09229098805646037,0.05754614549402823,0.22041259500542887,0.2779587404994571,0.0781758957654723,0.2736156351791531
2017-09-20,0.10178710178710179,0.0707070707070707,0.18104118104118105,0.23465423465423466,0.10334110334110334,0.3084693084693085
2017-09-21,0.08780487804878048,0.06504065040650407,0.183739837398374,0.25853658536585367,0.08617886178861789,0.31869918699186994
2017-09-22,0.11565696302124312,0.057435090479937057,0.21007081038552322,0.2179386309992132,0.0975609756097561,0.3013375295043273
2017-09-23,0.13845596230518303,0.11127220007249003,0.17760057992026096,0.19862268938021022,0.09242479159115621,0.28162377673069955
2017-09-24,0.15762273901808785,0.11757105943152454,0.21640826873385013,0.208656330749354,0.07138242894056848,0.228359173126615
2017-09-25,0.14584154513204572,0.11470240441466299,0.20575482853764288,0.2085139929050059,0.07922743397713836,0.24595979503350412
2017-09-26,0.17494929006085191,0.0938133874239351,0.1810344827586207,0.20841784989858012,0.09533468559837728,0.24645030425963488
2017-09-27,0.09353970390309556,0.06998654104979811,0.1541049798115747,0.23082099596231495,0.1426648721399731,0.3088829071332436
2017-09-28,0.09946524064171124,0.05668449197860963,0.1786096256684492,0.2823529411764706,0.09197860962566845,0.2909090909090909
2017-09-29,0.08533653846153846,0.06610576923076923,0.17548076923076922,0.25961538461538464,0.0889423076923077,0.3245192307692308
2017-09-30,0.1606714628297362,0.13998800959232613,0.17086330935251798,0.20413669064748202,0.10761390887290168,0.21672661870503598
2017-10-01,0.1474147414741474,0.08030803080308031,0.2145214521452145,0.22882288228822883,0.10451045104510451,0.22442244224422442
2017-10-02,0.11696658097686376,0.08354755784061697,0.2827763496143959,0.15681233933161953,0.16580976863753213,0.19408740359897173
2017-10-03,0.11757105943152454,0.10852713178294573,0.2054263565891473,0.24289405684754523,0.11627906976744186,0.20930232558139536
2017-10-04,0.11319340329835083,0.09895052473763119,0.1634182908545727,0.2181409295352324,0.0937031484257871,0.31259370314842577
2017-10-05,0.07454545454545454,0.05454545454545454,0.1690909090909091,0.21727272727272728,0.09363636363636364,0.39090909090909093
2017-10-06,0.10326086956521739,0.07065217391304347,0.18478260869565216,0.18478260869565216,0.13043478260869565,0.32608695652173914
2017-10-07,0.11175616835994194,0.05079825834542816,0.1734397677793904,0.2597968069666183,0.11103047895500726,0.2931785195936139
2017-10-08,0.1121311475409836,0.09770491803278689,0.1678688524590164,0.2498360655737705,0.10229508196721311,0.2701639344262295
2017-10-09,0.1189873417721519,0.09789029535864979,0.17215189873417722,0.25654008438818565,0.07848101265822785,0.2759493670886076
2017-10-10,0.13925645872715817,0.0888468809073724,0.18147448015122875,0.23377441713925645,0.09199747952110901,0.2646502835538752
2017-10-11,0.11116435074269286,0.06420699568758984,0.19837086727359846,0.22807858169621467,0.08720651653090561,0.3109726880689986
2017-10-12,0.12244897959183673,0.10479867622724766,0.19801434087148373,0.23276337562051846,0.0888030888030888,0.2531715388858246
2017-10-13,0.10024009603841537,0.07563025210084033,0.1872749099639856,0.25990396158463386,0.10384153661464586,0.27310924369747897
2017-10-14,0.09645232815964523,0.050997782705099776,0.1984478935698448,0.24279379157427938,0.10753880266075388,0.30376940133037694
2017-10-15,0.09036144578313253,0.06827309236947791,0.18072289156626506,0.2570281124497992,0.11244979919678715,0.29116465863453816
2017-10-16,0.08682926829268292,0.07317073170731707,0.17073170731707318,0.2175609756097561,0.11219512195121951,0.33951219512195124
2017-10-17,0.10110450297366186,0.07476635514018691,0.17672047578589634,0.22939677145284623,0.08411214953271028,0.3338997451146984
2017-10-18,0.1280701754385965,0.10394736842105264,0.18903508771929825,0.218859649122807,0.09166666666666666,0.26842105263157895
2017-10-19,0.08738601823708207,0.07218844984802432,0.18617021276595744,0.24240121580547114,0.0790273556231003,0.33282674772036475
2017-10-20,0.09767441860465116,0.08139534883720931,0.2441860465116279,0.20775193798449612,0.07131782945736434,0.29767441860465116
2017-10-21,0.10792951541850221,0.05892070484581498,0.16629955947136563,0.2461453744493392,0.08700440528634361,0.33370044052863435
2017-10-22,0.07095553453169347,0.0946073793755913,0.18448438978240303,0.23178807947019867,0.09839167455061495,0.3197729422894986
2017-10-23,0.13379669852302345,0.14422241529105126,0.1989574283231972,0.1998262380538662,0.08861859252823631,0.23457862728062553
2017-10-24,0.08614748449345279,0.06064782908339077,0.1536871123363198,0.28049620951068227,0.10406616126809097,0.3149552033080634
2017-10-25,0.06507105459985041,0.0493642483171279,0.18922961854899029,0.2715033657442034,0.08900523560209424,0.33582647718773373
2017-10-26,0.07012987012987013,0.05714285714285714,0.17142857142857143,0.2701298701298701,0.08441558441558442,0.34675324675324676
2017-10-27,0.08699122106943336,0.04229848363926576,0.16839584996009577,0.27055067837190744,0.06783719074221868,0.363926576217079
2017-10-28,0.06406406406406406,0.04004004004004004,0.15715715715715717,0.24824824824824826,0.08708708708708708,0.4034034034034034
2017-10-29,0.08055009823182711,0.05108055009823183,0.22396856581532418,0.22134905042567124,0.08644400785854617,0.3366077275703995
2017-10-30,0.05219941348973607,0.029912023460410556,0.16950146627565982,0.25513196480938416,0.08563049853372434,0.40762463343108507
2017-10-31,0.06697341513292433,0.032719836400818,0.2254601226993865,0.2556237218813906,0.09202453987730061,0.32719836400818
2017-11-01,0.08328230251071647,0.05572565829761176,0.2504592774035517,0.2290263319044703,0.08511941212492345,0.2963870177587263
2017-11-02,0.07865168539325842,0.05917602996254682,0.2254681647940075,0.251685393258427,0.08464419475655431,0.300374531835206
2017-11-03,0.11723838471558837,0.08380373425966131,0.16587060356057318,0.22188449848024316,0.09639600521059488,0.3148067737733391
2017-11-04,0.08356545961002786,0.04317548746518106,0.15459610027855153,0.2381615598885794,0.08495821727019498,0.3955431754874652
2017-11-05,0.0984251968503937,0.04330708661417323,0.23622047244094488,0.2637795275590551,0.08661417322834646,0.27165354330708663
2017-11-06,0.09119010819165378,0.05409582689335394,0.26738794435857804,0.25193199381761977,0.06800618238021638,0.26738794435857804
2017-11-07,0.06685768863419293,0.05826170009551098,0.18624641833810887,0.26456542502387775,0.10983763132760267,0.3142311365807068
2017-11-08,0.06090808416389812,0.03765227021040975,0.1716500553709856,0.3078626799557032,0.12956810631229235,0.292358803986711
2017-11-09,0.06433823529411764,0.05514705882352941,0.18382352941176472,0.32536764705882354,0.0661764705882353,0.30514705882352944
2017-11-10,0.07142857142857142,0.031746031746031744,0.13756613756613756,0.3783068783068783,0.07936507936507936,0.30158730158730157
2017-11-11,0.10009442870632672,0.05760151085930123,0.14730878186968838,0.3050047214353163,0.08404154863078375,0.3059490084985836
2017-11-12,0.10619469026548672,0.041719342604298354,0.16434892541087232,0.3223767383059418,0.061946902654867256,0.3034134007585335
2017-11-13,0.07392996108949416,0.03696498054474708,0.1517509727626459,0.3560311284046693,0.06809338521400778,0.3132295719844358
2017-11-14,0.05673758865248227,0.04113475177304964,0.13191489361702127,0.34609929078014184,0.07092198581560284,0.35319148936170214
2017-11-15,0.09073107049608355,0.047650130548302874,0.1514360313315927,0.2950391644908616,0.12140992167101827,0.293733681462141
2017-11-16,0.11880261927034612,0.0617399438727783,0.15341440598690365,0.30963517305893357,0.08512628624883069,0.27128157156220767
2017-11-17,0.11889250814332247,0.0781758957654723,0.18729641693811075,0.30211726384364823,0.05618892508143322,0.25732899022801303
2017-11-18,0.1111111111111111,0.059722222222222225,0.175,0.3013888888888889,0.11666666666666667,0.2361111111111111
2017-11-19,0.1447178002894356,0.07670043415340087,0.16063675832127353,0.27134587554269174,0.09406657018813314,0.25253256150506515
2017-11-20,0.1194331983805668,0.06983805668016195,0.18724696356275303,0.30870445344129555,0.08704453441295547,0.22773279352226722
2017-11-21,0.06753812636165578,0.05228758169934641,0.17647058823529413,0.35076252723311546,0.06971677559912855,0.28322440087145967
2017-11-22,0.14683734939759036,0.06475903614457831,0.1378012048192771,0.3260542168674699,0.07680722891566265,0.2477409638554217
2017-11-23,0.07853403141361257,0.027923211169284468,0.08027923211169284,0.48342059336823734,0.0636998254799302,0.2661431064572426
2017-11-24,0.10392609699769054,0.06543494996150885,0.18167821401077752,0.3002309468822171,0.07159353348729793,0.27713625866050806
2017-11-25,0.08673469387755102,0.05612244897959184,0.2030612244897959,0.29183673469387755,0.08571428571428572,0.27653061224489794
2017-11-26,0.06990131578947369,0.060032894736842105,0.21217105263157895,0.31332236842105265,0.08388157894736842,0.26069078947368424
2017-11-27,0.10953177257525083,0.06354515050167224,0.15551839464882944,0.28678929765886285,0.07692307692307693,0.3076923076923077
2017-11-28,0.10402930402930403,0.0673992673992674,0.16996336996336997,0.304029304029304,0.07985347985347985,0.27472527472527475
2017-11-29,0.10547045951859957,0.07089715536105033,0.19343544857768052,0.2800875273522976,0.08358862144420132,0.26652078774617066
2017-11-30,0.08519900497512438,0.046019900497512436,0.19713930348258707,0.332089552238806,0.07151741293532338,0.26803482587064675
2017-12-01,0.06318504190844616,0.047066408768536426,0.18375241779497098,0.34300451321727915,0.08446163765312702,0.27852998065764023
2017-12-02,0.06411103767349637,0.04560475875743556,0.18506278916060806,0.32782551222736284,0.07666886979510905,0.3007270323859881
2017-12-03,0.07765023632680622,0.04659014179608373,0.21066846725185687,0.32680621201890614,0.074949358541526,0.26333558406482105
2017-12-04,0.05619146722164412,0.07284079084287201,0.20395421436004163,0.3152965660770031,0.07908428720083246,0.2726326742976067
2017-12-05,0.06165703275529865,0.07321772639691715,0.17533718689788053,0.35645472061657035,0.07321772639691715,0.26011560693641617
2017-12-06,0.07614942528735633,0.041666666666666664,0.16522988505747127,0.3850574712643678,0.07902298850574713,0.25287356321839083
2017-12-07,0.07863247863247863,0.018803418803418803,0.17094017094017094,0.31794871794871793,0.08376068376068375,0.3299145299145299
2017-12-08,0.06834170854271357,0.053266331658291456,0.1678391959798995,0.3236180904522613,0.0814070351758794,0.3055276381909548
2017-12-09,0.097119341563786,0.05761316872427984,0.16790123456790124,0.3292181069958848,0.07242798353909465,0.2757201646090535
2017-12-10,0.07671957671957672,0.05026455026455026,0.19047619047619047,0.30687830687830686,0.07671957671957672,0.29894179894179895
2017-12-11,0.10194174757281553,0.04854368932038835,0.20550161812297735,0.2977346278317152,0.08414239482200647,0.2621359223300971
2017-12-12,0.0617782909930716,0.08314087759815242,0.1789838337182448,0.2938799076212471,0.09237875288683603,0.28983833718244806
2017-12-13,0.06419939577039276,0.061933534743202415,0.15709969788519637,0.2892749244712991,0.13066465256797583,0.29682779456193353
2017-12-14,0.09491525423728814,0.04067796610169491,0.16779661016949152,0.33559322033898303,0.07966101694915254,0.28135593220338984
2017-12-15,0.06695464362850972,0.06695464362850972,0.16414686825053995,0.3650107991360691,0.05183585313174946,0.28509719222462204
2017-12-16,0.08478802992518704,0.05486284289276808,0.13216957605985039,0.41895261845386533,0.06733167082294264,0.24189526184538654
2017-12-17,0.06031746031746032,0.04126984126984127,0.14603174603174604,0.4126984126984127,0.08253968253968254,0.2571428571428571
2017-12-18,0.07419712070874862,0.05537098560354374,0.17386489479512734,0.2912513842746401,0.10963455149501661,0.2956810631229236
2017-12-19,0.06691449814126393,0.05390334572490706,0.11338289962825279,0.3940520446096654,0.055762081784386616,0.3159851301115242
2017-12-20,0.07883817427385892,0.04426002766251729,0.15629322268326418,0.3706777316735823,0.05255878284923928,0.29737206085753803
2017-12-21,0.08186195826645265,0.06581059390048154,0.15409309791332262,0.3547351524879615,0.05778491171749599,0.2857142857142857
2017-12-22,0.0705596107055961,0.0340632603406326,0.14841849148418493,0.3722627737226277,0.072992700729927,0.30170316301703165
2017-12-23,0.08299866131191433,0.0428380187416332,0.16331994645247658,0.3172690763052209,0.0963855421686747,0.2971887550200803
2017-12-24,0.05992844364937388,0.04293381037567084,0.14311270125223613,0.4230769230769231,0.06708407871198568,0.2638640429338104
2017-12-25,0.07119741100323625,0.021574973031283712,0.08090614886731391,0.4778856526429342,0.05501618122977346,0.29341963322545844
2017-12-26,0.05481283422459893,0.03342245989304813,0.1497326203208556,0.42513368983957217,0.06417112299465241,0.2727272727272727
2017-12-27,0.07112970711297072,0.02301255230125523,0.12761506276150628,0.3723849372384937,0.07740585774058577,0.3284518828451883
2017-12-28,0.13002806361085126,0.04583723105706267,0.1225444340505145,0.323666978484565,0.0832553788587465,0.29466791393826003
2017-12-29,0.13990610328638498,0.061971830985915494,0.17464788732394365,0.29295774647887324,0.06572769953051644,0.2647887323943662
2017-12-30,0.09289617486338798,0.07377049180327869,0.20765027322404372,0.3224043715846995,0.06284153005464481,0.24043715846994534
2017-12-31,0.07766143106457242,0.04799301919720768,0.15008726003490402,0.41972076788830714,0.06282722513089005,0.24171029668411867
2018-01-01,0.06351183063511831,0.024906600249066,0.18929016189290163,0.41344956413449563,0.06102117061021171,0.24782067247820672
2018-01-02,0.12761126248864668,0.04904632152588556,0.17665758401453224,0.32924613987284285,0.06902815622161672,0.24841053587647594
2018-01-03,0.11320754716981132,0.07232704402515723,0.19261006289308177,0.2893081761006289,0.06839622641509434,0.2641509433962264
2018-01-04,0.07747105966162066,0.039180765805877114,0.18699910952804988,0.3268032056990205,0.0730186999109528,0.2965271593944791
2018-01-05,0.06944444444444445,0.030555555555555555,0.16018518518518518,0.32407407407407407,0.10277777777777777,0.31296296296296294
2018-01-06,0.07151898734177216,0.03734177215189873,0.1670886075949367,0.3430379746835443,0.07721518987341772,0.3037974683544304
2018-01-07,0.09290416971470374,0.036576444769568395,0.16532553035844916,0.31602048280907097,0.06949524506217995,0.3196781272860278
2018-01-08,0.08398133748055987,0.05443234836702955,0.16640746500777606,0.3561430793157076,0.05909797822706065,0.27993779160186627
2018-01-09,0.06260869565217392,0.05217391304347826,0.20173913043478262,0.3339130434782609,0.07130434782608695,0.2782608695652174
2018-01-10,0.07443682664054849,0.04407443682664055,0.22526934378060726,0.34476003917727716,0.06268364348677767,0.24877571008814886
2018-01-11,0.08326967150496563,0.057295645530939646,0.18258212375859434,0.3124522536287242,0.06951871657754011,0.29488158899923606
2018-01-12,0.09824561403508772,0.07218045112781955,0.22556390977443608,0.27669172932330827,0.07167919799498747,0.2556390977443609
2018-01-13,0.09519321394910461,0.05937794533459001,0.17530631479736097,0.3383600377002828,0.06691800188501414,0.2648444863336475
2018-01-14,0.07755581668625147,0.0564042303172738,0.1809635722679201,0.3207990599294947,0.08225616921269095,0.282021151586369
2018-01-15,0.0903954802259887,0.052259887005649715,0.2019774011299435,0.3601694915254237,0.0748587570621469,0.22033898305084745
2018-01-16,0.06707946336429309,0.04231166150670795,0.2301341589267286,0.32920536635706915,0.05572755417956656,0.2755417956656347
2018-01-17,0.06391478029294274,0.05725699067909454,0.18375499334221038,0.3195739014647137,0.07456724367509987,0.3009320905459387
2018-01-18,0.11032656663724624,0.03971756398940865,0.21888790820829657,0.3212709620476611,0.06266548984995587,0.2471315092674316
2018-01-19,0.09188034188034189,0.049145299145299144,0.21901709401709402,0.3333333333333333,0.07478632478632478,0.23183760683760685
2018-01-20,0.07549019607843137,0.05784313725490196,0.18382352941176472,0.3112745098039216,0.07745098039215687,0.29411764705882354
2018-01-21,0.07829181494661921,0.060498220640569395,0.22538552787663108,0.3167259786476868,0.08540925266903915,0.23368920521945433
2018-01-22,0.09711286089238845,0.049868766404199474,0.2335958005249344,0.29658792650918636,0.07611548556430446,0.24671916010498687
2018-01-23,0.093711467324291,0.051787916152897656,0.19728729963008632,0.34155363748458695,0.07398273736128237,0.24167694204685575
2018-01-24,0.07882882882882883,0.03490990990990991,0.21734234234234234,0.2882882882882883,0.13063063063063063,0.25
2018-01-25,0.06504065040650407,0.04607046070460705,0.17073170731707318,0.33062330623306235,0.08401084010840108,0.3035230352303523
2018-01-26,0.07847082494969819,0.06438631790744467,0.16096579476861167,0.34004024144869216,0.06841046277665996,0.28772635814889336
2018-01-27,0.06172839506172839,0.0345679012345679,0.19753086419753085,0.31851851851851853,0.08641975308641975,0.3012345679012346
2018-01-28,0.07313997477931904,0.05044136191677175,0.21185372005044137,0.31651954602774274,0.07187894073139975,0.27616645649432536
2018-01-29,0.06172839506172839,0.024691358024691357,0.19135802469135801,0.3734567901234568,0.06172839506172839,0.28703703703703703
2018-01-30,0.045146726862302484,0.033860045146726865,0.1963882618510158,0.45372460496614,0.04288939051918736,0.22799097065462753
2018-01-31,0.050980392156862744,0.027450980392156862,0.21176470588235294,0.3607843137254902,0.054901960784313725,0.29411764705882354
2018-02-01,0.08205841446453407,0.06258692628650904,0.1933240611961057,0.3226703755215577,0.07093184979137691,0.26842837273991654
2018-02-02,0.07531380753138076,0.04811715481171548,0.2186192468619247,0.3577405857740586,0.06380753138075314,0.23640167364016737
2018-02-03,0.06733393994540492,0.1392174704276615,0.19836214740673339,0.2984531392174704,0.06369426751592357,0.2329390354868062
2018-02-04,0.06768558951965066,0.07205240174672489,0.21179039301310043,0.36681222707423583,0.06768558951965066,0.21397379912663755
2018-02-05,0.07058047493403694,0.056068601583113456,0.1741424802110818,0.36213720316622694,0.06926121372031663,0.2678100263852243
2018-02-06,0.07349665924276169,0.06570155902004454,0.18819599109131402,0.31403118040089084,0.09131403118040089,0.267260579064588
2018-02-07,0.07835325365205843,0.049136786188579015,0.16600265604249667,0.31341301460823373,0.06640106241699867,0.32669322709163345
2018-02-08,0.055415617128463476,0.03904282115869018,0.21662468513853905,0.3916876574307305,0.06926952141057935,0.22795969773299748
2018-02-09,0.09399075500770417,0.04160246533127889,0.21879815100154082,0.34514637904468415,0.0662557781201849,0.23420647149460708
2018-02-10,0.08046875,0.0640625,0.22734375,0.31640625,0.0921875,0.21953125
2018-02-11,0.07944732297063903,0.044905008635578586,0.20552677029360966,0.3281519861830743,0.06735751295336788,0.27461139896373055
2018-02-12,0.05585106382978723,0.04521276595744681,0.18085106382978725,0.35638297872340424,0.0851063829787234,0.2765957446808511
2018-02-13,0.0761904761904762,0.031746031746031744,0.18095238095238095,0.4031746031746032,0.06349206349206349,0.24444444444444444
2018-02-14,0.1480978260869565,0.04619565217391304,0.28532608695652173,0.24864130434782608,0.13722826086956522,0.13451086956521738
2018-02-15,0.10521662245800177,0.07250221043324491,0.31741821396993813,0.27939876215738285,0.07957559681697612,0.14588859416445624
2018-02-19,0.07692307692307693,0.0,0.2222222222222222,0.26495726495726496,0.08547008547008547,0.3504273504273504
2018-02-20,0.07937743190661478,0.05058365758754864,0.22490272373540857,0.2723735408560311,0.07470817120622568,0.2980544747081712
2018-02-21,0.08176100628930817,0.03773584905660377,0.22138364779874214,0.33962264150943394,0.09559748427672957,0.2238993710691824
2018-02-22,0.09584905660377359,0.05132075471698113,0.25207547169811323,0.31622641509433963,0.06641509433962264,0.2181132075471698
2018-02-23,0.09753231492361927,0.04465334900117509,0.21974148061104584,0.3019976498237368,0.0799059929494712,0.25616921269095183
2018-02-24,0.07539267015706806,0.061780104712041886,0.17905759162303664,0.3183246073298429,0.07958115183246073,0.2858638743455497
2018-02-25,0.09198813056379822,0.04747774480712166,0.21364985163204747,0.3086053412462908,0.06528189910979229,0.27299703264094954
2018-02-26,0.07853403141361257,0.031413612565445025,0.2879581151832461,0.3193717277486911,0.06806282722513089,0.21465968586387435
2018-02-27,0.05725190839694656,0.03435114503816794,0.20483460559796438,0.3460559796437659,0.07633587786259542,0.2811704834605598
2018-02-28,0.09578544061302682,0.05363984674329502,0.20051085568326948,0.3333333333333333,0.06641123882503193,0.2503192848020434
2018-03-01,0.06104129263913824,0.03231597845601436,0.21005385996409337,0.3518850987432675,0.06104129263913824,0.2836624775583483
2018-03-02,0.07579462102689487,0.04523227383863081,0.17114914425427874,0.3643031784841076,0.08068459657701711,0.2628361858190709
2018-03-03,0.07838983050847458,0.038135593220338986,0.1694915254237288,0.3834745762711864,0.08050847457627118,0.25
2018-03-04,0.0790273556231003,0.0425531914893617,0.15501519756838905,0.3951367781155015,0.0790273556231003,0.24924012158054712
2018-03-05,0.09168081494057725,0.027164685908319185,0.21561969439728354,0.3174872665534805,0.07979626485568761,0.26825127334465193
2018-03-06,0.09633649932157395,0.0407055630936228,0.18588873812754408,0.2971506105834464,0.09090909090909091,0.28900949796472186
2018-03-07,0.05656108597285068,0.04751131221719457,0.16289592760180996,0.36425339366515835,0.07013574660633484,0.2986425339366516
2018-03-08,0.052521008403361345,0.0273109243697479,0.1722689075630252,0.3550420168067227,0.04831932773109244,0.3445378151260504
2018-03-09,0.03636363636363636,0.031818181818181815,0.1590909090909091,0.3522727272727273,0.10227272727272728,0.3181818181818182
2018-03-10,0.06315789473684211,0.05263157894736842,0.1631578947368421,0.33157894736842103,0.07017543859649122,0.3192982456140351
2018-03-11,0.05564142194744977,0.03245749613601236,0.18701700154559506,0.31839258114374036,0.08191653786707882,0.32457496136012365
2018-03-12,0.05046480743691899,0.0398406374501992,0.25763612217795484,0.3147410358565737,0.05976095617529881,0.2775564409030544
2018-03-13,0.06630336058128973,0.04450499545867393,0.2125340599455041,0.2924613987284287,0.06721162579473206,0.3169845594913715
2018-03-14,0.06476683937823834,0.04015544041450777,0.2189119170984456,0.31476683937823835,0.07772020725388601,0.28367875647668395
2018-03-15,0.04693877551020408,0.030612244897959183,0.19387755102040816,0.34285714285714286,0.06938775510204082,0.3163265306122449
2018-03-17,0.06851851851851852,0.05185185185185185,0.25555555555555554,0.2851851851851852,0.05925925925925926,0.2796296296296296
2018-03-18,0.07039864291772689,0.05173876166242578,0.2595419847328244,0.26717557251908397,0.10178117048346055,0.24936386768447838
2018-03-19,0.08333333333333333,0.05423280423280423,0.23015873015873015,0.2830687830687831,0.07936507936507936,0.2698412698412698
2018-03-20,0.07462686567164178,0.03482587064676617,0.208955223880597,0.29850746268656714,0.1044776119402985,0.27860696517412936
2018-03-21,0.07641509433962264,0.059433962264150944,0.2169811320754717,0.2783018867924528,0.07547169811320754,0.29339622641509433
2018-03-22,0.09212121212121212,0.04,0.24363636363636362,0.28363636363636363,0.07515151515151515,0.26545454545454544
2018-03-23,0.07492447129909366,0.04350453172205438,0.27492447129909364,0.28700906344410876,0.09123867069486405,0.2283987915407855
2018-03-24,0.07861060329067641,0.038391224862888484,0.29250457038391225,0.26142595978062155,0.09506398537477148,0.2340036563071298
2018-03-25,0.06740331491712707,0.030939226519337018,0.1867403314917127,0.3116022099447514,0.09060773480662983,0.312707182320442
2018-03-26,0.04179566563467492,0.02631578947368421,0.14860681114551083,0.30959752321981426,0.08978328173374613,0.38390092879256965
2018-03-27,0.05806451612903226,0.04838709677419355,0.20967741935483872,0.34516129032258064,0.08064516129032258,0.25806451612903225
2018-03-28,0.05112781954887218,0.03609022556390978,0.24360902255639097,0.3037593984962406,0.07669172932330827,0.2887218045112782
2018-03-29,0.11586452762923351,0.030303030303030304,0.13368983957219252,0.3778966131907308,0.05169340463458111,0.2905525846702317
2018-03-30,0.06713780918727916,0.06007067137809187,0.18021201413427562,0.38162544169611307,0.04946996466431095,0.26148409893992935
2018-03-31,0.10720562390158173,0.0351493848857645,0.13532513181019332,0.3391915641476274,0.05975395430579965,0.3233743409490334
2018-04-01,0.08564814814814815,0.03356481481481482,0.14930555555555555,0.44907407407407407,0.04398148148148148,0.23842592592592593
2018-04-02,0.09572901325478646,0.06111929307805596,0.211340206185567,0.28865979381443296,0.07584683357879234,0.26730486008836524
2018-04-03,0.09715994020926756,0.06427503736920777,0.2257100149476831,0.26831091180866967,0.07922272047832586,0.26532137518684606
2018-04-04,0.08200734394124846,0.05752753977968176,0.19828641370869032,0.29498164014687883,0.07343941248470012,0.2937576499388005
2018-04-05,0.07210626185958255,0.04743833017077799,0.17836812144212524,0.3206831119544592,0.06072106261859583,0.3206831119544592
2018-04-06,0.0728862973760933,0.052478134110787174,0.1661807580174927,0.3236151603498542,0.09912536443148688,0.2857142857142857
2018-04-07,0.057724957555178265,0.030560271646859084,0.22580645161290322,0.32088285229202035,0.0831918505942275,0.28183361629881154
2018-04-08,0.07986870897155361,0.05032822757111598,0.212253829321663,0.2713347921225383,0.11597374179431072,0.2702407002188184
2018-04-09,0.10851419031719532,0.048414023372287146,0.19365609348914858,0.3088480801335559,0.05509181969949917,0.2854757929883139
2018-04-10,0.0509683995922528,0.04383282364933741,0.22833843017329256,0.28950050968399593,0.09480122324159021,0.29255861365953106
2018-04-11,0.0829090909090909,0.03272727272727273,0.20654545454545453,0.30327272727272725,0.07272727272727272,0.3018181818181818
2018-04-12,0.08503401360544217,0.036281179138321996,0.20861678004535147,0.282312925170068,0.07936507936507936,0.30839002267573695
2018-04-13,0.08259212198221093,0.048284625158831,0.21156289707750953,0.32147395171537485,0.062261753494282084,0.2738246505717916
2018-04-14,0.06568144499178982,0.04926108374384237,0.2134646962233169,0.31198686371100165,0.07717569786535304,0.2824302134646962
2018-04-15,0.07286245353159851,0.041635687732342004,0.2066914498141264,0.3003717472118959,0.07211895910780669,0.30631970260223046
2018-04-16,0.06794425087108014,0.04878048780487805,0.1951219512195122,0.31881533101045295,0.06620209059233449,0.30313588850174217
2018-04-17,0.08531994981179424,0.04893350062735257,0.15934755332496864,0.30238393977415307,0.07026348808030113,0.3337515683814304
2018-04-18,0.06922257720979766,0.04792332268370607,0.1650692225772098,0.2779552715654952,0.09052183173588925,0.34930777422790205
2018-04-19,0.07716049382716049,0.024691358024691357,0.20679012345679013,0.3148148148148148,0.08179012345679013,0.29475308641975306
2018-04-20,0.06978798586572438,0.0353356890459364,0.21024734982332155,0.3083038869257951,0.07862190812720848,0.29770318021201414
2018-04-21,0.076163610719323,0.036671368124118475,0.1622002820874471,0.3124118476727786,0.07898448519040903,0.3335684062059238
2018-04-22,0.057672502574665295,0.03192584963954686,0.17301750772399588,0.3233779608650875,0.08959835221421215,0.32440782698249226
2018-04-23,0.0756578947368421,0.04276315789473684,0.19407894736842105,0.3223684210526316,0.09046052631578948,0.2746710526315789
2018-04-24,0.05958549222797927,0.038860103626943004,0.17357512953367876,0.33419689119170987,0.11658031088082901,0.2772020725388601
2018-04-25,0.041666666666666664,0.055,0.18833333333333332,0.345,0.05333333333333334,0.31666666666666665
2018-04-26,0.1001890359168242,0.05671077504725898,0.14177693761814744,0.31947069943289225,0.06805293005671077,0.31379962192816635
2018-04-27,0.06884875846501129,0.05756207674943566,0.14785553047404063,0.34875846501128666,0.06884875846501129,0.30812641083521447
2018-04-28,0.07722513089005235,0.04450261780104712,0.20026178010471204,0.29842931937172773,0.0824607329842932,0.29712041884816753
2018-04-29,0.06614173228346457,0.04409448818897638,0.1826771653543307,0.32755905511811023,0.07086614173228346,0.30866141732283464
2018-04-30,0.05274725274725275,0.05824175824175824,0.2021978021978022,0.31758241758241756,0.07912087912087912,0.29010989010989013
2018-05-01,0.06794871794871794,0.03717948717948718,0.2064102564102564,0.3576923076923077,0.07564102564102564,0.2551282051282051
2018-05-02,0.06374881065651761,0.030447193149381543,0.2274024738344434,0.3273073263558516,0.09134157944814462,0.2597526165556613
2018-05-03,0.056890012642225034,0.05309734513274336,0.16561314791403287,0.3413400758533502,0.08343868520859671,0.2996207332490518
2018-05-04,0.065625,0.051041666666666666,0.16770833333333332,0.35625,0.06979166666666667,0.28958333333333336
2018-05-05,0.07084468664850137,0.043596730245231606,0.18528610354223432,0.35149863760217986,0.051771117166212535,0.2970027247956403
2018-05-06,0.07514450867052024,0.028901734104046242,0.23121387283236994,0.2947976878612717,0.04046242774566474,0.32947976878612717
2018-05-07,0.08149779735682819,0.039647577092511016,0.2290748898678414,0.31387665198237885,0.07158590308370044,0.2643171806167401
2018-05-08,0.09668109668109669,0.03751803751803752,0.215007215007215,0.30447330447330445,0.06204906204906205,0.2842712842712843
2018-05-09,0.06050605060506051,0.06050605060506051,0.18811881188118812,0.33773377337733773,0.0627062706270627,0.29042904290429045
2018-05-10,0.06335616438356165,0.032534246575342464,0.1267123287671233,0.3835616438356164,0.053082191780821915,0.3407534246575342
2018-05-11,0.05787037037037037,0.03935185185185185,0.17824074074074073,0.3402777777777778,0.07407407407407407,0.3101851851851852
2018-05-12,0.06575342465753424,0.0547945205479452,0.18356164383561643,0.36712328767123287,0.06027397260273973,0.2684931506849315
2018-05-13,0.07913669064748201,0.052158273381294966,0.17446043165467626,0.26798561151079137,0.0737410071942446,0.35251798561151076
2018-05-14,0.07435897435897436,0.05,0.1935897435897436,0.3333333333333333,0.07692307692307693,0.2717948717948718
2018-05-15,0.05601317957166392,0.05601317957166392,0.1630971993410214,0.3163097199341021,0.07742998352553541,0.3311367380560132
2018-05-16,0.057441253263707574,0.04177545691906005,0.20887728459530025,0.2950391644908616,0.08616187989556136,0.31070496083550914
2018-05-17,0.055381400208986416,0.03970741901776385,0.19958202716823406,0.34796238244514105,0.06583072100313479,0.29153605015673983
2018-05-18,0.11446249033255994,0.04563031709203403,0.22892498066511988,0.2923433874709977,0.10363495746326373,0.21500386697602475
2018-05-19,0.07062600321027288,0.048154093097913325,0.20064205457463885,0.34831460674157305,0.08667736757624397,0.24558587479935795
2018-05-20,0.1070931849791377,0.03546592489568846,0.2086230876216968,0.28025034770514606,0.09666203059805285,0.2719054242002782
2018-05-21,0.05820721769499418,0.06635622817229336,0.1979045401629802,0.33993015133876603,0.06169965075669383,0.2759022118742724
2018-05-22,0.07589285714285714,0.03125,0.21428571428571427,0.34151785714285715,0.05357142857142857,0.28348214285714285
2018-05-23,0.06984334203655353,0.03655352480417755,0.21997389033942558,0.2983028720626632,0.07441253263707572,0.3009138381201044
2018-05-24,0.0734229576008273,0.04136504653567735,0.22233712512926576,0.2823164426059979,0.11065149948293691,0.26990692864529475
2018-05-25,0.07604562737642585,0.05038022813688213,0.2005703422053232,0.31653992395437264,0.08079847908745247,0.27566539923954375
2018-05-26,0.10149750415973377,0.09484193011647254,0.21713810316139767,0.27287853577371046,0.06572379367720466,0.24792013311148087
2018-05-27,0.09983079526226735,0.05583756345177665,0.2140439932318105,0.26480541455160744,0.15651438240270726,0.2089678510998308
2018-05-28,0.07501769285208776,0.06510969568294409,0.19037508846426043,0.3029016277423921,0.13588110403397027,0.23071479122434538
2018-05-29,0.08742194469223907,0.05976806422836753,0.25780553077609275,0.27564674397859057,0.10347903657448707,0.215878679750223
2018-05-30,0.0954356846473029,0.04702627939142462,0.1673582295988935,0.26141078838174275,0.14107883817427386,0.28769017980636236
2018-05-31,0.07331378299120235,0.0469208211143695,0.16495601173020527,0.28885630498533726,0.10483870967741936,0.32111436950146627
2018-06-01,0.06589147286821706,0.040051679586563305,0.18087855297157623,0.31007751937984496,0.08397932816537468,0.31912144702842377
2018-06-02,0.04886769964243146,0.03575685339690107,0.1871275327771156,0.31942789034564956,0.08820023837902265,0.3206197854588796
2018-06-03,0.05422647527910686,0.03349282296650718,0.19298245614035087,0.34290271132376393,0.0861244019138756,0.2902711323763955
2018-06-04,0.061872909698996656,0.04431438127090301,0.20150501672240803,0.29347826086956524,0.09531772575250837,0.30351170568561875
2018-06-05,0.06119951040391677,0.051407588739290085,0.19706242350061198,0.2864137086903305,0.10709914320685435,0.2968176254589963
2018-06-06,0.04200542005420054,0.06097560975609756,0.2005420054200542,0.29132791327913277,0.08536585365853659,0.31978319783197834
2018-06-07,0.07577268195413758,0.03489531405782652,0.1625124626121635,0.29112662013958124,0.08175473579262213,0.353938185443669
2018-06-08,0.044444444444444446,0.03232323232323232,0.16363636363636364,0.3292929292929293,0.09090909090909091,0.3393939393939394
2018-06-09,0.04375,0.06458333333333334,0.1625,0.3541666666666667,0.08333333333333333,0.2916666666666667
2018-06-10,0.0570902394106814,0.04788213627992634,0.22099447513812154,0.281767955801105,0.0847145488029466,0.30755064456721914
2018-06-11,0.036337209302325583,0.02616279069767442,0.17151162790697674,0.3125,0.11918604651162791,0.33430232558139533
2018-06-12,0.05179282868525897,0.035856573705179286,0.16733067729083664,0.3559096945551129,0.08366533864541832,0.3054448871181939
2018-06-13,0.04403866809881848,0.021482277121374866,0.26423200859291085,0.2781954887218045,0.07303974221267455,0.31901181525241673
2018-06-14,0.033816425120772944,0.01932367149758454,0.1473429951690821,0.3103864734299517,0.057971014492753624,0.4311594202898551
2018-06-15,0.04995102840352596,0.06072477962781587,0.1909892262487757,0.3095004897159647,0.0901077375122429,0.2987267384916748
2018-06-16,0.04754601226993865,0.06134969325153374,0.28067484662576686,0.28067484662576686,0.0705521472392638,0.25920245398773006
2018-06-17,0.06798245614035088,0.05921052631578947,0.19846491228070176,0.31359649122807015,0.0625,0.2982456140350877
2018-06-18,0.05480607082630692,0.0893760539629005,0.2411467116357504,0.31197301854974707,0.07588532883642496,0.22681281618887014
2018-06-19,0.07718993928881179,0.08152645273200347,0.22723330442324371,0.3061578490893322,0.07892454466608846,0.22896790980052037
2018-06-20,0.06680161943319839,0.0708502024291498,0.23481781376518218,0.2935222672064777,0.07489878542510121,0.2591093117408907
2018-06-21,0.07051282051282051,0.06043956043956044,0.19413919413919414,0.32967032967032966,0.07783882783882784,0.2673992673992674
2018-06-22,0.052742616033755275,0.07067510548523206,0.1909282700421941,0.3280590717299578,0.10970464135021098,0.2478902953586498
2018-06-23,0.05320600272851296,0.054570259208731244,0.20327421555252387,0.30559345156889495,0.09140518417462483,0.29195088676671216
2018-06-24,0.057034220532319393,0.044359949302915085,0.24841571609632446,0.3320659062103929,0.059569074778200254,0.2585551330798479
2018-06-25,0.06613756613756613,0.05291005291005291,0.2003968253968254,0.31613756613756616,0.05489417989417989,0.30952380952380953
2018-06-26,0.05733186328555678,0.04630650496141125,0.2039691289966924,0.31863285556780596,0.06615214994487321,0.30760749724366043
2018-06-27,0.07267833109017496,0.033647375504710635,0.17900403768506057,0.3297442799461642,0.06729475100942127,0.31763122476446837
2018-06-28,0.08433734939759036,0.051807228915662654,0.26987951807228916,0.2746987951807229,0.0783132530120482,0.24096385542168675
2018-06-29,0.049132947976878616,0.06069364161849711,0.19653179190751446,0.3092485549132948,0.07803468208092486,0.3063583815028902
2018-06-30,0.0359375,0.0453125,0.2,0.328125,0.06875,0.321875
2018-07-01,0.0430622009569378,0.045454545454545456,0.21770334928229665,0.3253588516746411,0.07655502392344497,0.291866028708134
2018-07-02,0.03619909502262444,0.04524886877828054,0.167420814479638,0.3574660633484163,0.09954751131221719,0.29411764705882354
2018-07-03,0.08031341821743389,0.061704211557296766,0.1841332027424094,0.31145935357492655,0.07639569049951028,0.2859941234084231
2018-07-04,0.03954802259887006,0.032015065913371,0.1487758945386064,0.4011299435028249,0.0903954802259887,0.288135593220339
2018-07-05,0.05196850393700787,0.03937007874015748,0.215748031496063,0.31811023622047246,0.05984251968503937,0.31496062992125984
2018-07-06,0.029069767441860465,0.0377906976744186,0.21511627906976744,0.34011627906976744,0.061046511627906974,0.3168604651162791
2018-07-07,0.034858387799564274,0.032679738562091505,0.2222222222222222,0.2875816993464052,0.08061002178649238,0.3420479302832244
2018-07-08,0.05555555555555555,0.021739130434782608,0.21739130434782608,0.34299516908212563,0.0893719806763285,0.27294685990338163
2018-07-09,0.0430622009569378,0.0430622009569378,0.18181818181818182,0.3923444976076555,0.06698564593301436,0.2727272727272727
2018-07-10,0.06318082788671024,0.02178649237472767,0.19172113289760348,0.3355119825708061,0.07407407407407407,0.3137254901960784
2018-07-11,0.06607929515418502,0.04185022026431718,0.1894273127753304,0.31718061674008813,0.08149779735682819,0.3039647577092511
2018-07-12,0.03939393939393939,0.048484848484848485,0.17575757575757575,0.3303030303030303,0.03939393939393939,0.36666666666666664
2018-07-13,0.04779411764705882,0.0661764705882353,0.19117647058823528,0.29411764705882354,0.07352941176470588,0.3272058823529412
2018-07-14,0.0672,0.04,0.2208,0.2752,0.0784,0.3184
2018-07-15,0.045845272206303724,0.06303724928366762,0.15759312320916904,0.3438395415472779,0.0659025787965616,0.3237822349570201
2018-07-16,0.03958090803259604,0.06286379511059371,0.2048894062863795,0.3492433061699651,0.06519208381839348,0.27823050058207216
2018-07-17,0.036458333333333336,0.0390625,0.18880208333333334,0.34375,0.06640625,0.3255208333333333
2018-07-18,0.03753026634382567,0.048426150121065374,0.2046004842615012,0.3389830508474576,0.06174334140435835,0.30871670702179177
2018-07-19,0.0549618320610687,0.04122137404580153,0.2198473282442748,0.2717557251908397,0.061068702290076333,0.3511450381679389
2018-07-20,0.045787545787545784,0.054945054945054944,0.19047619047619047,0.25274725274725274,0.07326007326007326,0.38278388278388276
2018-07-22,0.07419354838709677,0.02903225806451613,0.1967741935483871,0.26129032258064516,0.054838709677419356,0.38387096774193546
2018-07-23,0.051001821493624776,0.037340619307832425,0.2185792349726776,0.2768670309653916,0.08378870673952642,0.3324225865209472
2018-07-24,0.05831265508684864,0.028535980148883373,0.19106699751861042,0.34987593052109184,0.0794044665012407,0.29280397022332505
2018-07-25,0.05963302752293578,0.045871559633027525,0.172782874617737,0.27217125382262997,0.10091743119266056,0.3486238532110092
2018-07-26,0.03926096997690531,0.03233256351039261,0.14780600461893764,0.3464203233256351,0.09468822170900693,0.3394919168591224
2018-07-27,0.03692762186115214,0.03692762186115214,0.16395864106351551,0.30576070901033975,0.0723781388478582,0.38404726735598227
2018-07-28,0.02702702702702703,0.04504504504504504,0.18018018018018017,0.35585585585585583,0.1036036036036036,0.2882882882882883
2018-07-29,0.07352941176470588,0.03308823529411765,0.22426470588235295,0.2818627450980392,0.09926470588235294,0.28799019607843135
2018-07-30,0.07081545064377683,0.04291845493562232,0.24678111587982832,0.2939914163090129,0.07296137339055794,0.27253218884120173
2018-07-31,0.05412719891745602,0.04736129905277402,0.2503382949932341,0.3085250338294993,0.06495263870094722,0.2746955345060893
2018-08-01,0.059178743961352656,0.049516908212560384,0.23671497584541062,0.321256038647343,0.06038647342995169,0.27294685990338163
2018-08-02,0.04145936981757877,0.03648424543946932,0.2222222222222222,0.31343283582089554,0.05970149253731343,0.32669983416252074
2018-08-03,0.05389221556886228,0.029940119760479042,0.18862275449101795,0.2964071856287425,0.08982035928143713,0.3413173652694611
2018-08-04,0.04935622317596566,0.0611587982832618,0.14484978540772533,0.2843347639484979,0.09012875536480687,0.3701716738197425
2018-08-05,0.05045871559633028,0.05045871559633028,0.231651376146789,0.2855504587155963,0.06307339449541284,0.31880733944954126
2018-08-06,0.07495741056218058,0.03236797274275979,0.1737649063032368,0.32367972742759793,0.0817717206132879,0.313458262350937
2018-08-07,0.05757575757575758,0.05757575757575758,0.19393939393939394,0.3393939393939394,0.08181818181818182,0.2696969696969697
2018-08-08,0.050724637681159424,0.00966183574879227,0.16666666666666666,0.3888888888888889,0.05314009661835749,0.3309178743961353
2018-08-09,0.06746031746031746,0.03373015873015873,0.20436507936507936,0.30753968253968256,0.06349206349206349,0.32341269841269843
2018-08-10,0.08217054263565891,0.05271317829457364,0.22635658914728682,0.31317829457364343,0.06201550387596899,0.26356589147286824
2018-08-11,0.052364864864864864,0.03885135135135135,0.22128378378378377,0.31925675675675674,0.06418918918918919,0.30405405405405406
2018-08-12,0.0475,0.0475,0.1875,0.3175,0.0775,0.3225
2018-08-13,0.04748603351955307,0.05307262569832402,0.1871508379888268,0.3058659217877095,0.10335195530726257,0.30307262569832405
2018-08-14,0.058355437665782495,0.058355437665782495,0.22944297082228116,0.27586206896551724,0.07692307692307693,0.3010610079575597
2018-08-15,0.048939641109298535,0.053833605220228384,0.23164763458401305,0.3034257748776509,0.06688417618270799,0.29526916802610115
2018-08-16,0.0447427293064877,0.03131991051454139,0.20469798657718122,0.33557046979865773,0.07270693512304251,0.31096196868008946
2018-08-17,0.061366806136680614,0.0502092050209205,0.18688981868898186,0.32217573221757323,0.08228730822873083,0.29707112970711297
2018-08-18,0.04929577464788732,0.04647887323943662,0.20704225352112676,0.36338028169014086,0.06056338028169014,0.27323943661971833
2018-08-19,0.050590219224283306,0.05227655986509275,0.24957841483979765,0.29679595278246207,0.08263069139966273,0.26812816188870153
2018-08-20,0.07713498622589532,0.06473829201101929,0.21487603305785125,0.30303030303030304,0.05509641873278237,0.28512396694214875
2018-08-21,0.02586206896551724,0.03078817733990148,0.1724137931034483,0.3226600985221675,0.08374384236453201,0.3645320197044335
2018-08-22,0.03015484922575387,0.029339853300733496,0.18255908720456399,0.267318663406683,0.09942950285248574,0.39119804400978
2018-08-23,0.04981773997569866,0.032806804374240585,0.22478736330498178,0.3183475091130012,0.07290400972053462,0.30133657351154314
2018-08-24,0.0485781990521327,0.026066350710900472,0.20023696682464456,0.29265402843601895,0.09834123222748815,0.3341232227488152
2018-08-25,0.0768361581920904,0.0576271186440678,0.17853107344632768,0.2824858757062147,0.11073446327683616,0.2937853107344633
2018-08-26,0.06824512534818941,0.06685236768802229,0.18523676880222842,0.2590529247910863,0.13509749303621169,0.28551532033426186
2018-08-27,0.05873015873015873,0.07301587301587302,0.21904761904761905,0.2968253968253968,0.11746031746031746,0.23492063492063492
2018-08-28,0.053385416666666664,0.028645833333333332,0.19791666666666666,0.2877604166666667,0.08203125,0.3502604166666667
2018-08-29,0.05782918149466192,0.045373665480427046,0.19572953736654805,0.2677935943060498,0.0809608540925267,0.35231316725978645
2018-08-30,0.05427782888684453,0.03955841766329347,0.16467341306347746,0.31002759889604414,0.09291628334866606,0.33854645814167433
2018-08-31,0.03935599284436494,0.028622540250447227,0.16994633273703041,0.3416815742397138,0.10196779964221825,0.3184257602862254
2018-09-01,0.05736782902137233,0.02924634420697413,0.17997750281214847,0.33520809898762655,0.11473565804274466,0.28346456692913385
2018-09-02,0.05417607223476298,0.045146726862302484,0.18058690744920994,0.3047404063205418,0.09480812641083522,0.32054176072234764
2018-09-03,0.049107142857142856,0.05357142857142857,0.16517857142857142,0.34375,0.07291666666666667,0.31547619047619047
2018-09-04,0.04560260586319218,0.03257328990228013,0.20684039087947884,0.2996742671009772,0.06351791530944625,0.3517915309446254
2018-09-05,0.04739336492890995,0.04107424960505529,0.19589257503949448,0.31990521327014215,0.08609794628751975,0.30963665086887837
2018-09-06,0.03329223181257707,0.03329223181257707,0.20221948212083848,0.35388409371146734,0.06041923551171394,0.31689272503082616
2018-09-07,0.047895500725689405,0.040638606676342524,0.19738751814223512,0.29753265602322204,0.06821480406386067,0.3483309143686502
2018-09-08,0.03773584905660377,0.029350104821802937,0.18029350104821804,0.28721174004192873,0.05660377358490566,0.4088050314465409
2018-09-09,0.06829268292682927,0.03902439024390244,0.15121951219512195,0.3073170731707317,0.08780487804878048,0.3463414634146341
2018-09-10,0.04973118279569892,0.028225806451612902,0.16666666666666666,0.34408602150537637,0.07258064516129033,0.3387096774193548
2018-09-11,0.05413105413105413,0.04415954415954416,0.14957264957264957,0.3333333333333333,0.10113960113960115,0.3176638176638177
2018-09-12,0.05762081784386617,0.0687732342007435,0.20817843866171004,0.29739776951672864,0.07992565055762081,0.28810408921933084
2018-09-13,0.05426356589147287,0.07235142118863049,0.23255813953488372,0.28294573643410853,0.13178294573643412,0.22609819121447028
2018-09-14,0.05230125523012552,0.0502092050209205,0.19874476987447698,0.3138075313807531,0.1087866108786611,0.27615062761506276
2018-09-15,0.07027027027027027,0.055855855855855854,0.1927927927927928,0.3009009009009009,0.0972972972972973,0.2828828828828829
2018-09-16,0.05199306759098787,0.01733102253032929,0.17677642980935876,0.3275563258232236,0.08665511265164645,0.3396880415944541
2018-09-17,0.04772234273318872,0.04121475054229935,0.19739696312364424,0.31453362255965295,0.09327548806941431,0.30585683297180044
2018-09-18,0.040983606557377046,0.03825136612021858,0.2103825136612022,0.30601092896174864,0.05191256830601093,0.3524590163934426
2018-09-19,0.04245283018867924,0.03537735849056604,0.2169811320754717,0.28773584905660377,0.07311320754716981,0.3443396226415094
2018-09-20,0.053811659192825115,0.04035874439461883,0.13901345291479822,0.3452914798206278,0.06502242152466367,0.35650224215246634
2018-09-21,0.0701058201058201,0.08862433862433862,0.23941798941798942,0.25132275132275134,0.06481481481481481,0.2857142857142857
2018-09-22,0.06976744186046512,0.03875968992248062,0.17054263565891473,0.3062015503875969,0.08527131782945736,0.32945736434108525
2018-09-23,0.03184713375796178,0.03821656050955414,0.10828025477707007,0.42038216560509556,0.05732484076433121,0.34394904458598724
2018-09-24,0.043478260869565216,0.03162055335968379,0.2766798418972332,0.3201581027667984,0.08300395256916997,0.2450592885375494
2018-09-25,0.012477718360071301,0.0374331550802139,0.17290552584670232,0.47950089126559714,0.04634581105169341,0.25133689839572193
2018-09-26,0.041353383458646614,0.03759398496240601,0.21428571428571427,0.3308270676691729,0.06015037593984962,0.3157894736842105
2018-09-27,0.1094224924012158,0.07598784194528875,0.2006079027355623,0.3100303951367781,0.0911854103343465,0.2127659574468085
2018-09-28,0.09606986899563319,0.043668122270742356,0.22270742358078602,0.28820960698689957,0.06986899563318777,0.2794759825327511
2018-09-29,0.07666666666666666,0.05,0.18333333333333332,0.29,0.06,0.34
2018-09-30,0.05121293800539083,0.04582210242587601,0.22371967654986524,0.24797843665768193,0.06199460916442048,0.3692722371967655
2018-10-01,0.05150214592274678,0.055793991416309016,0.15021459227467812,0.36909871244635195,0.05150214592274678,0.3218884120171674
2018-10-02,0.04747774480712166,0.0712166172106825,0.18100890207715134,0.34124629080118696,0.05934718100890208,0.2997032640949555
2018-10-03,0.10981308411214953,0.0514018691588785,0.20093457943925233,0.3014018691588785,0.0794392523364486,0.2570093457943925
2018-10-04,0.051470588235294115,0.03676470588235294,0.17892156862745098,0.32598039215686275,0.08333333333333333,0.3235294117647059
2018-10-05,0.04716981132075472,0.07547169811320754,0.16352201257861634,0.3522012578616352,0.02830188679245283,0.3333333333333333
2018-10-06,0.044585987261146494,0.03503184713375796,0.18152866242038215,0.34394904458598724,0.06369426751592357,0.33121019108280253
2018-10-07,0.04929577464788732,0.056338028169014086,0.22887323943661972,0.352112676056338,0.0528169014084507,0.2605633802816901
2018-10-08,0.07657657657657657,0.08108108108108109,0.13963963963963963,0.33783783783783783,0.05855855855855856,0.3063063063063063
2018-10-09,0.06441717791411043,0.0705521472392638,0.147239263803681,0.34049079754601225,0.08282208588957055,0.294478527607362
2018-10-10,0.0728476821192053,0.04966887417218543,0.18874172185430463,0.3079470198675497,0.0695364238410596,0.31125827814569534
2018-10-11,0.04895104895104895,0.04895104895104895,0.18181818181818182,0.32867132867132864,0.04195804195804196,0.34965034965034963
2018-10-12,0.04363636363636364,0.01090909090909091,0.11636363636363636,0.36727272727272725,0.08363636363636363,0.3781818181818182
2018-10-13,0.0481283422459893,0.058823529411764705,0.1711229946524064,0.3048128342245989,0.0427807486631016,0.37433155080213903
2018-10-14,0.05555555555555555,0.01282051282051282,0.18376068376068377,0.34615384615384615,0.05982905982905983,0.3418803418803419
2018-10-15,0.030303030303030304,0.06060606060606061,0.19008264462809918,0.33884297520661155,0.05785123966942149,0.32231404958677684
2018-10-16,0.04905660377358491,0.03018867924528302,0.18867924528301888,0.33584905660377357,0.06415094339622641,0.3320754716981132
2018-10-17,0.04678362573099415,0.04093567251461988,0.1871345029239766,0.30994152046783624,0.07602339181286549,0.3391812865497076
2018-10-18,0.06989247311827956,0.04838709677419355,0.21505376344086022,0.3010752688172043,0.05913978494623656,0.3064516129032258
2018-10-19,0.0703125,0.0078125,0.2421875,0.28125,0.0546875,0.34375
2018-10-20,0.04878048780487805,0.04065040650406504,0.2601626016260163,0.25203252032520324,0.056910569105691054,0.34146341463414637
2018-10-21,0.04838709677419355,0.024193548387096774,0.3548387096774194,0.31451612903225806,0.06451612903225806,0.1935483870967742
2018-10-22,0.04225352112676056,0.03755868544600939,0.25821596244131456,0.28169014084507044,0.07042253521126761,0.30985915492957744
2018-10-23,0.0975609756097561,0.04065040650406504,0.2601626016260163,0.3252032520325203,0.08130081300813008,0.1951219512195122
2018-10-24,0.05,0.04090909090909091,0.33181818181818185,0.25,0.06818181818181818,0.2590909090909091
2018-10-25,0.10043668122270742,0.06550218340611354,0.2663755458515284,0.26200873362445415,0.07860262008733625,0.22707423580786026
2018-10-26,0.08391608391608392,0.03146853146853147,0.25524475524475526,0.2692307692307692,0.06643356643356643,0.2937062937062937
2018-10-27,0.09090909090909091,0.09696969696969697,0.296969696969697,0.24242424242424243,0.048484848484848485,0.22424242424242424
2018-10-28,0.08552631578947369,0.05921052631578947,0.21052631578947367,0.32894736842105265,0.09868421052631579,0.21710526315789475
2018-10-29,0.10676156583629894,0.03202846975088968,0.31316725978647686,0.2491103202846975,0.05693950177935943,0.24199288256227758
2018-10-30,0.058823529411764705,0.029411764705882353,0.3014705882352941,0.3088235294117647,0.08088235294117647,0.22058823529411764
2018-10-31,0.059800664451827246,0.06312292358803986,0.2425249169435216,0.27906976744186046,0.10963455149501661,0.24584717607973422
2018-11-01,0.04081632653061224,0.047619047619047616,0.3129251700680272,0.23129251700680273,0.034013605442176874,0.3333333333333333
2018-11-02,0.013793103448275862,0.05517241379310345,0.2413793103448276,0.3103448275862069,0.06206896551724138,0.31724137931034485
2018-11-03,0.041666666666666664,0.057291666666666664,0.2604166666666667,0.24479166666666666,0.057291666666666664,0.3385416666666667
2018-11-04,0.042735042735042736,0.03418803418803419,0.17094017094017094,0.3418803418803419,0.07692307692307693,0.3333333333333333
2018-11-05,0.027624309392265192,0.016574585635359115,0.27624309392265195,0.30386740331491713,0.06629834254143646,0.30939226519337015
2018-11-06,0.01639344262295082,0.040983606557377046,0.2540983606557377,0.2786885245901639,0.040983606557377046,0.36885245901639346
2018-11-07,0.07250755287009064,0.027190332326283987,0.21450151057401812,0.28700906344410876,0.06948640483383686,0.3293051359516616
2018-11-08,0.06422018348623854,0.01834862385321101,0.30275229357798167,0.28440366972477066,0.10091743119266056,0.22935779816513763
2018-11-09,0.04792332268370607,0.07348242811501597,0.21725239616613418,0.26198083067092653,0.06070287539936102,0.33865814696485624
2018-11-10,0.08168316831683169,0.04455445544554455,0.21287128712871287,0.30445544554455445,0.09653465346534654,0.2599009900990099
2018-11-11,0.04819277108433735,0.05421686746987952,0.16265060240963855,0.3493975903614458,0.0783132530120482,0.3072289156626506
2018-11-12,0.059574468085106386,0.029787234042553193,0.2,0.35319148936170214,0.05106382978723404,0.30638297872340425
2018-11-13,0.0763888888888889,0.034722222222222224,0.1597222222222222,0.2847222222222222,0.10416666666666667,0.3402777777777778
2018-11-14,0.05405405405405406,0.036036036036036036,0.13513513513513514,0.36036036036036034,0.07207207207207207,0.34234234234234234
2018-11-15,0.04435483870967742,0.03225806451612903,0.20967741935483872,0.31048387096774194,0.08870967741935484,0.31451612903225806
2018-11-16,0.05185185185185185,0.02962962962962963,0.24444444444444444,0.3333333333333333,0.08148148148148149,0.25925925925925924
2018-11-17,0.05102040816326531,0.030612244897959183,0.24489795918367346,0.29591836734693877,0.061224489795918366,0.3163265306122449
2018-11-18,0.10416666666666667,0.0625,0.1875,0.2013888888888889,0.1388888888888889,0.3055555555555556
2018-11-19,0.030534351145038167,0.08396946564885496,0.16793893129770993,0.3053435114503817,0.05343511450381679,0.35877862595419846
2018-11-20,0.02531645569620253,0.0379746835443038,0.13924050632911392,0.27848101265822783,0.10126582278481013,0.4177215189873418
2018-11-22,0.049689440993788817,0.028985507246376812,0.14699792960662525,0.4078674948240166,0.08074534161490683,0.2857142857142857
2018-11-23,0.06451612903225806,0.03686635944700461,0.16129032258064516,0.3686635944700461,0.07373271889400922,0.29493087557603687
2018-11-24,0.04,0.07333333333333333,0.30666666666666664,0.25333333333333335,0.04,0.2866666666666667
2018-11-25,0.044009779951100246,0.05378973105134474,0.23227383863080683,0.28117359413202936,0.05867970660146699,0.33007334963325186
2018-11-26,0.03488372093023256,0.03953488372093023,0.2651162790697674,0.26744186046511625,0.08604651162790698,0.30697674418604654
2018-11-27,0.0625,0.03571428571428571,0.2611607142857143,0.28348214285714285,0.09375,0.26339285714285715
2018-11-28,0.037900874635568516,0.023323615160349854,0.16034985422740525,0.3673469387755102,0.05539358600583091,0.3556851311953353
2018-11-29,0.03668261562998405,0.028708133971291867,0.18660287081339713,0.35406698564593303,0.09090909090909091,0.30303030303030304
2018-11-30,0.03879310344827586,0.021551724137931036,0.14439655172413793,0.3642241379310345,0.05818965517241379,0.3728448275862069
2018-12-01,0.06140350877192982,0.06578947368421052,0.18421052631578946,0.32894736842105265,0.09649122807017543,0.2631578947368421
2018-12-02,0.027522935779816515,0.027522935779816515,0.1651376146788991,0.3486238532110092,0.06422018348623854,0.3669724770642202
2018-12-03,0.060546875,0.03125,0.205078125,0.3046875,0.087890625,0.310546875
2018-12-04,0.044444444444444446,0.041666666666666664,0.19722222222222222,0.3388888888888889,0.06388888888888888,0.3138888888888889
2018-12-05,0.06329113924050633,0.046413502109704644,0.12236286919831224,0.35864978902953587,0.09282700421940929,0.31645569620253167
2018-12-06,0.042606516290726815,0.03759398496240601,0.20050125313283207,0.3233082706766917,0.09273182957393483,0.3032581453634085
2018-12-07,0.045310853530031614,0.02845100105374078,0.24552160168598525,0.28872497365648053,0.059009483667017915,0.3329820864067439
2018-12-08,0.047058823529411764,0.03865546218487395,0.16638655462184873,0.3411764705882353,0.08571428571428572,0.32100840336134456
2018-12-09,0.03287671232876712,0.03287671232876712,0.2191780821917808,0.32054794520547947,0.0821917808219178,0.31232876712328766
2018-12-10,0.0368763557483731,0.03036876355748373,0.17787418655097614,0.31019522776572667,0.08893709327548807,0.3557483731019523
2018-12-11,0.050970873786407765,0.04611650485436893,0.20631067961165048,0.32524271844660196,0.08009708737864078,0.2912621359223301
2018-12-12,0.05397727272727273,0.028409090909090908,0.2159090909090909,0.2784090909090909,0.06534090909090909,0.35795454545454547
2018-12-13,0.049723756906077346,0.02394106813996317,0.16206261510128914,0.32044198895027626,0.11602209944751381,0.3278084714548803
2018-12-14,0.03625377643504532,0.03323262839879154,0.1782477341389728,0.3413897280966767,0.09063444108761329,0.3202416918429003
2018-12-15,0.031331592689295036,0.0391644908616188,0.15926892950391644,0.32114882506527415,0.10704960835509138,0.34203655352480417
2018-12-16,0.05114638447971781,0.04938271604938271,0.18342151675485008,0.3298059964726631,0.07407407407407407,0.31216931216931215
2018-12-17,0.03611111111111111,0.030555555555555555,0.23333333333333334,0.38055555555555554,0.06388888888888888,0.25555555555555554
2018-12-18,0.04878048780487805,0.039399624765478425,0.17448405253283303,0.32645403377110693,0.07879924953095685,0.3320825515947467
2018-12-19,0.09108910891089109,0.053465346534653464,0.2099009900990099,0.2871287128712871,0.08118811881188119,0.27722772277227725
2018-12-20,0.05046480743691899,0.04249667994687915,0.21115537848605578,0.3346613545816733,0.07304116865869854,0.28818061088977426
2018-12-21,0.06315789473684211,0.03253588516746411,0.18181818181818182,0.33301435406698565,0.06124401913875598,0.3282296650717703
2018-12-22,0.06723716381418093,0.022004889975550123,0.19315403422982885,0.34963325183374083,0.07090464547677261,0.29706601466992666
2018-12-23,0.03896103896103896,0.023088023088023088,0.17893217893217894,0.3492063492063492,0.08658008658008658,0.32323232323232326
2018-12-24,0.060657118786857624,0.03538331929233361,0.17017691659646167,0.32855939342881213,0.09014321819713564,0.3150800336983993
2018-12-25,0.0299625468164794,0.035580524344569285,0.08239700374531835,0.43258426966292135,0.052434456928838954,0.36704119850187267
2018-12-26,0.050724637681159424,0.025362318840579712,0.16304347826086957,0.33695652173913043,0.07246376811594203,0.35144927536231885
2018-12-27,0.07283464566929133,0.03346456692913386,0.22244094488188976,0.3051181102362205,0.07874015748031496,0.2874015748031496
2018-12-28,0.07657657657657657,0.0518018018018018,0.1981981981981982,0.32207207207207206,0.06981981981981981,0.28153153153153154
2018-12-29,0.07739938080495357,0.04489164086687306,0.20123839009287925,0.28637770897832815,0.10681114551083591,0.28328173374613
2018-12-30,0.05165289256198347,0.05991735537190083,0.21074380165289255,0.2975206611570248,0.08471074380165289,0.29545454545454547
2018-12-31,0.0754226267880364,0.02860858257477243,0.16905071521456436,0.35240572171651496,0.08972691807542263,0.2847854356306892
2019-01-01,0.06574761399787911,0.02332979851537646,0.16012725344644752,0.383881230116649,0.07104984093319194,0.295864262990456
2019-01-02,0.05895691609977324,0.049886621315192746,0.2018140589569161,0.31519274376417233,0.07029478458049887,0.30385487528344673
2019-01-03,0.06386861313868614,0.032846715328467155,0.22627737226277372,0.3448905109489051,0.09124087591240876,0.24087591240875914
2019-01-04,0.05454545454545454,0.04181818181818182,0.1890909090909091,0.3290909090909091,0.06545454545454546,0.32
2019-01-05,0.05184174624829468,0.04638472032742155,0.24147339699863574,0.3219645293315143,0.058663028649386086,0.27967257844474763
2019-01-06,0.05568445475638051,0.03248259860788863,0.23433874709976799,0.33874709976798145,0.06496519721577726,0.2737819025522042
2019-01-07,0.05042016806722689,0.025210084033613446,0.26218487394957984,0.3058823529411765,0.09411764705882353,0.26218487394957984
2019-01-08,0.04904051172707889,0.03837953091684435,0.232409381663113,0.3091684434968017,0.06183368869936034,0.3091684434968017
2019-01-09,0.06466512702078522,0.03579676674364896,0.2517321016166282,0.27367205542725176,0.07159353348729793,0.302540415704388
2019-01-10,0.06770098730606489,0.03244005641748942,0.231311706629055,0.304654442877292,0.08603667136812412,0.2778561354019746
2019-01-11,0.04333868378812199,0.038523274478330656,0.21829855537720708,0.30497592295345105,0.06902086677367576,0.3258426966292135
2019-01-12,0.045,0.036,0.29,0.278,0.061,0.29
2019-01-13,0.07671232876712329,0.043835616438356165,0.2,0.30547945205479454,0.07808219178082192,0.2958904109589041
2019-01-14,0.06628242074927954,0.06195965417867435,0.1988472622478386,0.2680115273775216,0.08213256484149856,0.3227665706051873
2019-01-15,0.08768267223382047,0.037578288100208766,0.20041753653444677,0.2818371607515658,0.1022964509394572,0.29018789144050106
2019-01-16,0.05958549222797927,0.04922279792746114,0.23575129533678757,0.3238341968911917,0.08290155440414508,0.24870466321243523
2019-01-17,0.04423076923076923,0.13076923076923078,0.18461538461538463,0.26153846153846155,0.07884615384615384,0.3
2019-01-18,0.03498542274052478,0.03498542274052478,0.21379980563654033,0.2983479105928086,0.07482993197278912,0.3430515063168124
2019-01-19,0.07280219780219781,0.038461538461538464,0.18543956043956045,0.3090659340659341,0.09065934065934066,0.30357142857142855
2019-01-20,0.06910039113428944,0.048239895697522815,0.1864406779661017,0.32333767926988266,0.07040417209908735,0.30247718383311606
2019-01-23,0.07100591715976332,0.029585798816568046,0.23668639053254437,0.3106508875739645,0.04437869822485207,0.3076923076923077
2019-01-24,0.05509641873278237,0.03168044077134986,0.22865013774104684,0.34573002754820936,0.08953168044077135,0.2493112947658402
2019-01-25,0.03310344827586207,0.04689655172413793,0.2096551724137931,0.296551724137931,0.08827586206896551,0.3255172413793103
2019-01-26,0.023809523809523808,0.05291005291005291,0.19047619047619047,0.31216931216931215,0.09788359788359788,0.32275132275132273
2019-01-27,0.03558718861209965,0.03914590747330961,0.23843416370106763,0.2704626334519573,0.08896797153024912,0.3274021352313167
2019-01-28,0.04,0.052307692307692305,0.21846153846153846,0.3323076923076923,0.05846153846153846,0.29846153846153844
2019-01-29,0.038461538461538464,0.026923076923076925,0.10384615384615385,0.3153846153846154,0.07692307692307693,0.43846153846153846
2019-01-30,0.07114624505928854,0.04743083003952569,0.2015810276679842,0.31620553359683795,0.09486166007905138,0.26877470355731226
2019-01-31,0.0705521472392638,0.046012269938650305,0.24846625766871167,0.2852760736196319,0.07975460122699386,0.26993865030674846
2019-02-01,0.060109289617486336,0.01092896174863388,0.17486338797814208,0.32786885245901637,0.08196721311475409,0.3442622950819672
2019-02-02,0.01694915254237288,0.05084745762711865,0.1864406779661017,0.2966101694915254,0.059322033898305086,0.3898305084745763
2019-02-03,0.03968253968253968,0.05555555555555555,0.23015873015873015,0.23015873015873015,0.07142857142857142,0.373015873015873
2019-02-04,0.029850746268656716,0.05970149253731343,0.208955223880597,0.2537313432835821,0.08955223880597014,0.3582089552238806
2019-02-05,0.06598984771573604,0.030456852791878174,0.22842639593908629,0.3604060913705584,0.06091370558375635,0.25380710659898476
2019-02-06,0.05154639175257732,0.030927835051546393,0.17525773195876287,0.3402061855670103,0.07216494845360824,0.32989690721649484
2019-02-07,0.040293040293040296,0.03663003663003663,0.2857142857142857,0.2271062271062271,0.06227106227106227,0.34798534798534797
2019-02-08,0.02304147465437788,0.03686635944700461,0.1935483870967742,0.271889400921659,0.10138248847926268,0.37327188940092165
2019-02-09,0.04669260700389105,0.08949416342412451,0.1828793774319066,0.23735408560311283,0.08560311284046693,0.35797665369649806
2019-02-10,0.06629834254143646,0.03038674033149171,0.1850828729281768,0.287292817679558,0.052486187845303865,0.3784530386740331
2019-02-12,0.047619047619047616,0.031746031746031744,0.2222222222222222,0.29365079365079366,0.07142857142857142,0.3333333333333333
2019-02-13,0.06578947368421052,0.03289473684210526,0.17763157894736842,0.29605263157894735,0.09210526315789473,0.3355263157894737
2019-02-14,0.05907172995780591,0.0379746835443038,0.27848101265822783,0.32489451476793246,0.06329113924050633,0.23628691983122363
2019-02-15,0.09259259259259259,0.043209876543209874,0.19753086419753085,0.24074074074074073,0.09259259259259259,0.3333333333333333
2019-02-16,0.051470588235294115,0.022058823529411766,0.22058823529411764,0.27941176470588236,0.08823529411764706,0.3382352941176471
2019-02-17,0.0687960687960688,0.02457002457002457,0.21867321867321868,0.2678132678132678,0.09336609336609336,0.32678132678132676
2019-02-18,0.03926701570680628,0.015706806282722512,0.18586387434554974,0.32460732984293195,0.05759162303664921,0.3769633507853403
2019-02-19,0.054474708171206226,0.042801556420233464,0.20233463035019456,0.2607003891050584,0.10116731517509728,0.33852140077821014
2019-02-20,0.03492063492063492,0.015873015873015872,0.25396825396825395,0.2698412698412698,0.11428571428571428,0.3111111111111111
2019-02-21,0.07207207207207207,0.03153153153153153,0.22072072072072071,0.2972972972972973,0.08108108108108109,0.2972972972972973
2019-02-22,0.04316546762589928,0.07194244604316546,0.2446043165467626,0.2158273381294964,0.050359712230215826,0.37410071942446044
2019-02-23,0.04838709677419355,0.04032258064516129,0.20967741935483872,0.2903225806451613,0.03225806451612903,0.3790322580645161
2019-02-24,0.028125,0.03125,0.140625,0.3125,0.034375,0.453125
2019-02-25,0.03234501347708895,0.07547169811320754,0.2371967654986523,0.23180592991913745,0.08355795148247978,0.33962264150943394
2019-02-26,0.03680981595092025,0.03680981595092025,0.19631901840490798,0.34355828220858897,0.09202453987730061,0.294478527607362
2019-02-27,0.029288702928870293,0.04184100418410042,0.1799163179916318,0.30962343096234307,0.100418410041841,0.3389121338912134
2019-02-28,0.03546099290780142,0.028368794326241134,0.1702127659574468,0.3617021276595745,0.07092198581560284,0.3333333333333333
2019-03-01,0.05726872246696035,0.048458149779735685,0.19823788546255505,0.28634361233480177,0.12334801762114538,0.28634361233480177
2019-03-02,0.015957446808510637,0.0425531914893617,0.2127659574468085,0.2765957446808511,0.09042553191489362,0.3617021276595745
2019-03-03,0.04669260700389105,0.054474708171206226,0.22178988326848248,0.3229571984435798,0.07782101167315175,0.27626459143968873
2019-03-04,0.05701754385964912,0.07017543859649122,0.21052631578947367,0.27631578947368424,0.09210526315789473,0.29385964912280704
2019-03-05,0.0056657223796034,0.09348441926345609,0.24929178470254956,0.2804532577903683,0.06515580736543909,0.3059490084985836
2019-03-06,0.02912621359223301,0.043689320388349516,0.2621359223300971,0.2524271844660194,0.08737864077669903,0.32524271844660196
2019-03-07,0.03954802259887006,0.062146892655367235,0.2598870056497175,0.23163841807909605,0.06779661016949153,0.3389830508474576
2019-03-08,0.05785123966942149,0.05371900826446281,0.21487603305785125,0.256198347107438,0.08677685950413223,0.3305785123966942
2019-03-09,0.04081632653061224,0.027210884353741496,0.2108843537414966,0.35374149659863946,0.10204081632653061,0.2653061224489796
2019-03-10,0.007518796992481203,0.03759398496240601,0.24060150375939848,0.39097744360902253,0.07518796992481203,0.24812030075187969
2019-03-11,0.10569105691056911,0.06504065040650407,0.13821138211382114,0.3170731707317073,0.0975609756097561,0.2764227642276423
2019-03-12,0.04371584699453552,0.0273224043715847,0.22404371584699453,0.2896174863387978,0.0546448087431694,0.36065573770491804
2019-03-13,0.04391891891891892,0.037162162162162164,0.22635135135135134,0.35135135135135137,0.060810810810810814,0.28040540540540543
2019-03-14,0.06153846153846154,0.06153846153846154,0.27307692307692305,0.2692307692307692,0.08461538461538462,0.25
2019-03-15,0.050314465408805034,0.07232704402515723,0.2610062893081761,0.22327044025157233,0.07861635220125786,0.31446540880503143
2019-03-16,0.07567567567567568,0.02702702702702703,0.23243243243243245,0.25405405405405407,0.032432432432432434,0.3783783783783784
2019-03-17,0.04314720812182741,0.04314720812182741,0.17258883248730963,0.29949238578680204,0.07360406091370558,0.3680203045685279
2019-03-18,0.04155844155844156,0.033766233766233764,0.22857142857142856,0.24155844155844156,0.06753246753246753,0.38701298701298703
2019-03-19,0.0859375,0.05078125,0.1796875,0.2265625,0.07421875,0.3828125
2019-03-20,0.03,0.06666666666666667,0.19666666666666666,0.29333333333333333,0.10666666666666667,0.30666666666666664
2019-03-21,0.032467532467532464,0.025974025974025976,0.2597402597402597,0.3116883116883117,0.05844155844155844,0.3116883116883117
2019-03-22,0.046357615894039736,0.026490066225165563,0.11258278145695365,0.3509933774834437,0.059602649006622516,0.40397350993377484
2019-03-23,0.07142857142857142,0.0,0.16666666666666666,0.23809523809523808,0.14285714285714285,0.38095238095238093
2019-03-24,0.024291497975708502,0.016194331983805668,0.11336032388663968,0.46153846153846156,0.08097165991902834,0.30364372469635625
2019-03-25,0.047619047619047616,0.042328042328042326,0.1111111111111111,0.3968253968253968,0.10582010582010581,0.2962962962962963
2019-03-26,0.022935779816513763,0.05963302752293578,0.1651376146788991,0.3302752293577982,0.09174311926605505,0.3302752293577982
2019-03-27,0.02702702702702703,0.07207207207207207,0.24324324324324326,0.3783783783783784,0.06306306306306306,0.21621621621621623
2019-03-28,0.05063291139240506,0.028481012658227847,0.2088607594936709,0.33544303797468356,0.05379746835443038,0.3227848101265823
2019-03-29,0.05701754385964912,0.03070175438596491,0.21052631578947367,0.35526315789473684,0.05701754385964912,0.2894736842105263
2019-03-30,0.05172413793103448,0.05172413793103448,0.19827586206896552,0.28448275862068967,0.07758620689655173,0.33620689655172414
2019-03-31,0.06930693069306931,0.07920792079207921,0.16831683168316833,0.3564356435643564,0.07920792079207921,0.24752475247524752
2019-04-01,0.05113636363636364,0.022727272727272728,0.1875,0.3125,0.06818181818181818,0.35795454545454547
2019-04-02,0.04819277108433735,0.040160642570281124,0.21285140562248997,0.30120481927710846,0.10441767068273092,0.2931726907630522
2019-04-03,0.075,0.03333333333333333,0.20833333333333334,0.30833333333333335,0.075,0.3
2019-04-04,0.05517241379310345,0.07241379310344828,0.2206896551724138,0.31724137931034485,0.05862068965517241,0.27586206896551724
2019-04-05,0.0787037037037037,0.041666666666666664,0.17592592592592593,0.3287037037037037,0.046296296296296294,0.3287037037037037
2019-04-06,0.04090909090909091,0.02727272727272727,0.23636363636363636,0.35454545454545455,0.07727272727272727,0.2636363636363636
2019-04-07,0.06060606060606061,0.024242424242424242,0.2787878787878788,0.30303030303030304,0.07878787878787878,0.2545454545454545
2019-04-08,0.037037037037037035,0.05555555555555555,0.28703703703703703,0.35185185185185186,0.037037037037037035,0.23148148148148148
2019-04-09,0.02857142857142857,0.05714285714285714,0.2,0.3314285714285714,0.05142857142857143,0.3314285714285714
2019-04-10,0.03529411764705882,0.052941176470588235,0.22941176470588234,0.3235294117647059,0.11764705882352941,0.2411764705882353
2019-04-11,0.07142857142857142,0.041666666666666664,0.16071428571428573,0.3273809523809524,0.08333333333333333,0.31547619047619047
2019-04-12,0.068,0.04,0.188,0.284,0.104,0.316
2019-04-13,0.04316546762589928,0.0683453237410072,0.26618705035971224,0.28776978417266186,0.08633093525179857,0.24820143884892087
2019-04-14,0.026041666666666668,0.0625,0.15104166666666666,0.359375,0.08854166666666667,0.3125
2019-04-15,0.038922155688622756,0.03592814371257485,0.20658682634730538,0.281437125748503,0.10778443113772455,0.32934131736526945
2019-04-16,0.0228310502283105,0.0273972602739726,0.228310502283105,0.273972602739726,0.1187214611872146,0.3287671232876712
2019-04-17,0.05625,0.04375,0.16875,0.30625,0.04375,0.38125
2019-04-18,0.03323262839879154,0.045317220543806644,0.19939577039274925,0.29003021148036257,0.13293051359516617,0.2990936555891239
2019-04-19,0.025925925925925925,0.03333333333333333,0.1925925925925926,0.3296296296296296,0.05925925925925926,0.3592592592592593
2019-04-20,0.04824561403508772,0.021929824561403508,0.17982456140350878,0.3201754385964912,0.08333333333333333,0.34649122807017546
2019-04-21,0.07296137339055794,0.04291845493562232,0.1759656652360515,0.37339055793991416,0.09012875536480687,0.2446351931330472
2019-04-22,0.045871559633027525,0.04128440366972477,0.24770642201834864,0.3119266055045872,0.04128440366972477,0.3119266055045872
2019-04-23,0.06484641638225255,0.06143344709897611,0.20136518771331058,0.32764505119453924,0.07849829351535836,0.26621160409556316
2019-04-24,0.0627062706270627,0.0297029702970297,0.1782178217821782,0.34983498349834985,0.06930693069306931,0.3102310231023102
2019-04-25,0.027777777777777776,0.046296296296296294,0.22685185185185186,0.3101851851851852,0.06481481481481481,0.32407407407407407
2019-04-26,0.03636363636363636,0.06060606060606061,0.22424242424242424,0.296969696969697,0.09696969696969697,0.28484848484848485
2019-04-27,0.03278688524590164,0.03278688524590164,0.22950819672131148,0.21311475409836064,0.07377049180327869,0.4180327868852459
2019-04-28,0.03529411764705882,0.058823529411764705,0.2235294117647059,0.29411764705882354,0.047058823529411764,0.3411764705882353
2019-04-29,0.04838709677419355,0.04838709677419355,0.3225806451612903,0.20430107526881722,0.07526881720430108,0.3010752688172043
2019-04-30,0.047619047619047616,0.05442176870748299,0.2585034013605442,0.35374149659863946,0.08843537414965986,0.19727891156462585
